Cellule,i,j,k,l,m,Gamma3,Ricci,Kij
0,0,0,0,0,0,0,0
0,0,0,0,1,0,0,0
0,0,0,0,2,0,0,0
0,0,0,1,0,0,0,0
0,0,0,1,1,0,0,0
0,0,0,1,2,0,0,0
0,0,0,2,0,0,0,0
0,0,0,2,1,0,0,0
0,0,0,2,2,0,0,0
0,0,1,0,0,0,0,0
0,0,1,0,1,0,0,0
0,0,1,0,2,0,0,0
0,0,1,1,0,0,0,0
0,0,1,1,1,0,0,0
0,0,1,1,2,0,0,0
0,0,1,2,0,0,0,0
0,0,1,2,1,0,0,0
0,0,1,2,2,0,0,0
0,0,2,0,0,0,0,0
0,0,2,0,1,0,0,0
0,0,2,0,2,0,0,0
0,0,2,1,0,0,0,0
0,0,2,1,1,0,0,0
0,0,2,1,2,0,0,0
0,0,2,2,0,0,0,0
0,0,2,2,1,0,0,0
0,0,2,2,2,0,0,0
0,1,0,0,0,-99.5407183029,-99.562422192,0
0,1,0,0,1,-0.000801714676974,-99.562422192,0
0,1,0,0,2,0,-99.562422192,0
0,1,0,1,0,-0.000801714676974,0.00059819943263,0
0,1,0,1,1,-0.00498898653507,0.00059819943263,0
0,1,0,1,2,0,0.00059819943263,0
0,1,0,2,0,0,0,0
0,1,0,2,1,0,0,0
0,1,0,2,2,-0.000583515789246,0,0
0,1,1,0,0,0.0801714676974,0.00059819943263,0
0,1,1,0,1,0.498898653507,0.00059819943263,0
0,1,1,0,2,0,0.00059819943263,0
0,1,1,1,0,0.498898653507,-7.05862133232,0
0,1,1,1,1,-0.000801714677018,-7.05862133232,0
0,1,1,1,2,0,-7.05862133232,0
0,1,1,2,0,0,0,0
0,1,1,2,1,0,0,0
0,1,1,2,2,-0.321674765275,0,0
0,1,2,0,0,0,0,0
0,1,2,0,1,0,0,0
0,1,2,0,2,0.498535559589,0,0
0,1,2,1,0,0,0,0
0,1,2,1,1,0,0,0
0,1,2,1,2,2.74827711721,0,0
0,1,2,2,0,0.498535559589,0.942650548282,0
0,1,2,2,1,2.74827711721,0.942650548282,0
0,1,2,2,2,0,0.942650548282,0
0,2,0,0,0,-99.5403492649,-99.6174118996,0
0,2,0,0,1,-0.00122920636341,-99.6174118996,0
0,2,0,0,2,0,-99.6174118996,0
0,2,0,1,0,-0.00122920636341,0.000918754605471,0
0,2,0,1,1,-0.00499267544446,0.000918754605471,0
0,2,0,1,2,0,0.000918754605471,0
0,2,0,2,0,0,0,0
0,2,0,2,1,0,0,0
0,2,0,2,2,-0.00206179250193,0,0
0,2,1,0,0,0.122920636341,0.000918754605471,0
0,2,1,0,1,0.499267544446,0.000918754605471,0
0,2,1,0,2,0,0.000918754605471,0
0,2,1,1,0,0.499267544446,-0.927687987338,0
0,2,1,1,1,-0.00122920636332,-0.927687987338,0
0,2,1,1,2,0,-0.927687987338,0
0,2,1,2,0,0,0,0
0,2,1,2,1,0,0,0
0,2,1,2,2,-0.493926543683,0,0
0,2,2,0,0,0,0,0
0,2,2,0,1,0,0,0
0,2,2,0,2,0.497984303798,0,0
0,2,2,1,0,0,0,0
0,2,2,1,1,0,0,0
0,2,2,1,2,1.19297972882,0,0
0,2,2,2,0,0.497984303798,0.795687529419,0
0,2,2,2,1,1.19297972882,0.795687529419,0
0,2,2,2,2,0,0.795687529419,0
0,3,0,0,0,-99.5399289467,-99.6802095206,0
0,3,0,0,1,-0.0010818555877,-99.6802095206,0
0,3,0,0,2,0,-99.6802095206,0
0,3,0,1,0,-0.0010818555877,0.00081020487126,0
0,3,0,1,1,-0.00499687695191,0.00081020487126,0
0,3,0,1,2,0,0.00081020487126,0
0,3,0,2,0,0,0,0
0,3,0,2,1,0,0,0
0,3,0,2,2,-0.00374415086564,0,0
0,3,1,0,0,0.10818555877,0.00081020487126,0
0,3,1,0,1,0.499687695191,0.00081020487126,0
0,3,1,0,2,0,0.00081020487126,0
0,3,1,1,0,0.499687695191,0.162194043725,0
0,3,1,1,1,-0.00108185558783,0.162194043725,0
0,3,1,1,2,0,0.162194043725,0
0,3,1,2,0,0,0,0
0,3,1,2,1,0,0,0
0,3,1,2,2,-0.435447379921,0,0
0,3,2,0,0,0,0,0
0,3,2,0,1,0,0,0
0,3,2,0,2,0.497356774578,0,0
0,3,2,1,0,0,0,0
0,3,2,1,1,0,0,0
0,3,2,1,2,0.578429428054,0,0
0,3,2,2,0,0.497356774578,0.625501545091,0
0,3,2,2,1,0.578429428054,0.625501545091,0
0,3,2,2,2,0,0.625501545091,0
0,4,0,0,0,-99.5396542217,-99.7213507125,0
0,4,0,0,1,-0.000427492950281,-99.7213507125,0
0,4,0,0,2,0,-99.7213507125,0
0,4,0,1,0,-0.000427492950281,0.000320560213642,0
0,4,0,1,1,-0.00499962310729,0.000320560213642,0
0,4,0,1,2,0,0.000320560213642,0
0,4,0,2,0,0,0,0
0,4,0,2,1,0,0,0
0,4,0,2,2,-0.00484298903465,0,0
0,4,1,0,0,0.0427492950281,0.000320560213642,0
0,4,1,0,1,0.499962310729,0.000320560213642,0
0,4,1,0,2,0,0.000320560213642,0
0,4,1,1,0,0.499962310729,0.466358503324,0
0,4,1,1,1,-0.000427492950148,0.466358503324,0
0,4,1,1,2,0,0.466358503324,0
0,4,1,2,0,0,0,0
0,4,1,2,1,0,0,0
0,4,1,2,2,-0.172254820492,0,0
0,4,2,0,0,0,0,0
0,4,2,0,1,0,0,0
0,4,2,0,2,0.496946801885,0,0
0,4,2,1,0,0,0,0
0,4,2,1,1,0,0,0
0,4,2,1,2,0.17675340898,0,0
0,4,2,2,0,0.496946801885,0.51264875201,0
0,4,2,2,1,0.17675340898,0.51264875201,0
0,4,2,2,2,0,0.51264875201,0
0,5,0,0,0,-99.5396542217,-99.7213507125,0
0,5,0,0,1,0.000427492950281,-99.7213507125,0
0,5,0,0,2,0,-99.7213507125,0
0,5,0,1,0,0.000427492950281,-0.000320560213642,0
0,5,0,1,1,-0.00499962310729,-0.000320560213642,0
0,5,0,1,2,0,-0.000320560213642,0
0,5,0,2,0,0,0,0
0,5,0,2,1,0,0,0
0,5,0,2,2,-0.00484298903465,0,0
0,5,1,0,0,-0.0427492950281,-0.000320560213642,0
0,5,1,0,1,0.499962310729,-0.000320560213642,0
0,5,1,0,2,0,-0.000320560213642,0
0,5,1,1,0,0.499962310729,0.466358503324,0
0,5,1,1,1,0.000427492950148,0.466358503324,0
0,5,1,1,2,0,0.466358503324,0
0,5,1,2,0,0,0,0
0,5,1,2,1,0,0,0
0,5,1,2,2,0.172254820492,0,0
0,5,2,0,0,0,0,0
0,5,2,0,1,0,0,0
0,5,2,0,2,0.496946801885,0,0
0,5,2,1,0,0,0,0
0,5,2,1,1,0,0,0
0,5,2,1,2,-0.17675340898,0,0
0,5,2,2,0,0.496946801885,0.51264875201,0
0,5,2,2,1,-0.17675340898,0.51264875201,0
0,5,2,2,2,0,0.51264875201,0
0,6,0,0,0,-99.5399289467,-99.6802095206,0
0,6,0,0,1,0.00108185558735,-99.6802095206,0
0,6,0,0,2,0,-99.6802095206,0
0,6,0,1,0,0.00108185558735,-0.00081020487144,0
0,6,0,1,1,-0.00499687695191,-0.00081020487144,0
0,6,0,1,2,0,-0.00081020487144,0
0,6,0,2,0,0,0,0
0,6,0,2,1,0,0,0
0,6,0,2,2,-0.00374415086564,0,0
0,6,1,0,0,-0.108185558735,-0.00081020487144,0
0,6,1,0,1,0.499687695191,-0.00081020487144,0
0,6,1,0,2,0,-0.00081020487144,0
0,6,1,1,0,0.499687695191,0.162194043724,0
0,6,1,1,1,0.00108185558728,0.162194043724,0
0,6,1,1,2,0,0.162194043724,0
0,6,1,2,0,0,0,0
0,6,1,2,1,0,0,0
0,6,1,2,2,0.435447379922,0,0
0,6,2,0,0,0,0,0
0,6,2,0,1,0,0,0
0,6,2,0,2,0.497356774578,0,0
0,6,2,1,0,0,0,0
0,6,2,1,1,0,0,0
0,6,2,1,2,-0.578429428055,0,0
0,6,2,2,0,0.497356774578,0.625501545091,0
0,6,2,2,1,-0.578429428055,0.625501545091,0
0,6,2,2,2,0,0.625501545091,0
0,7,0,0,0,-99.5403492649,-99.6174118996,0
0,7,0,0,1,0.00122920636341,-99.6174118996,0
0,7,0,0,2,0,-99.6174118996,0
0,7,0,1,0,0.00122920636341,-0.000918754605475,0
0,7,0,1,1,-0.00499267544446,-0.000918754605475,0
0,7,0,1,2,0,-0.000918754605475,0
0,7,0,2,0,0,0,0
0,7,0,2,1,0,0,0
0,7,0,2,2,-0.00206179250193,0,0
0,7,1,0,0,-0.122920636341,-0.000918754605475,0
0,7,1,0,1,0.499267544446,-0.000918754605475,0
0,7,1,0,2,0,-0.000918754605475,0
0,7,1,1,0,0.499267544446,-0.927687987344,0
0,7,1,1,1,0.00122920636332,-0.927687987344,0
0,7,1,1,2,0,-0.927687987344,0
0,7,1,2,0,0,0,0
0,7,1,2,1,0,0,0
0,7,1,2,2,0.493926543684,0,0
0,7,2,0,0,0,0,0
0,7,2,0,1,0,0,0
0,7,2,0,2,0.497984303798,0,0
0,7,2,1,0,0,0,0
0,7,2,1,1,0,0,0
0,7,2,1,2,-1.19297972882,0,0
0,7,2,2,0,0.497984303798,0.795687529422,0
0,7,2,2,1,-1.19297972882,0.795687529422,0
0,7,2,2,2,0,0.795687529422,0
0,8,0,0,0,-99.5407183029,-99.562422192,0
0,8,0,0,1,0.000801714676974,-99.562422192,0
0,8,0,0,2,0,-99.562422192,0
0,8,0,1,0,0.000801714676974,-0.000598199432634,0
0,8,0,1,1,-0.00498898653507,-0.000598199432634,0
0,8,0,1,2,0,-0.000598199432634,0
0,8,0,2,0,0,0,0
0,8,0,2,1,0,0,0
0,8,0,2,2,-0.000583515789246,0,0
0,8,1,0,0,-0.0801714676974,-0.000598199432634,0
0,8,1,0,1,0.498898653507,-0.000598199432634,0
0,8,1,0,2,0,-0.000598199432634,0
0,8,1,1,0,0.498898653507,-7.05862133236,0
0,8,1,1,1,0.000801714677018,-7.05862133236,0
0,8,1,1,2,0,-7.05862133236,0
0,8,1,2,0,0,0,0
0,8,1,2,1,0,0,0
0,8,1,2,2,0.321674765275,0,0
0,8,2,0,0,0,0,0
0,8,2,0,1,0,0,0
0,8,2,0,2,0.498535559589,0,0
0,8,2,1,0,0,0,0
0,8,2,1,1,0,0,0
0,8,2,1,2,-2.74827711722,0,0
0,8,2,2,0,0.498535559589,0.942650548286,0
0,8,2,2,1,-2.74827711722,0.942650548286,0
0,8,2,2,2,0,0.942650548286,0
0,9,0,0,0,0,0,0
0,9,0,0,1,0,0,0
0,9,0,0,2,0,0,0
0,9,0,1,0,0,0,0
0,9,0,1,1,0,0,0
0,9,0,1,2,0,0,0
0,9,0,2,0,0,0,0
0,9,0,2,1,0,0,0
0,9,0,2,2,0,0,0
0,9,1,0,0,0,0,0
0,9,1,0,1,0,0,0
0,9,1,0,2,0,0,0
0,9,1,1,0,0,0,0
0,9,1,1,1,0,0,0
0,9,1,1,2,0,0,0
0,9,1,2,0,0,0,0
0,9,1,2,1,0,0,0
0,9,1,2,2,0,0,0
0,9,2,0,0,0,0,0
0,9,2,0,1,0,0,0
0,9,2,0,2,0,0,0
0,9,2,1,0,0,0,0
0,9,2,1,1,0,0,0
0,9,2,1,2,0,0,0
0,9,2,2,0,0,0,0
0,9,2,2,1,0,0,0
0,9,2,2,2,0,0,0
1,0,0,0,0,0,0,0
1,0,0,0,1,0,0,0
1,0,0,0,2,0,0,0
1,0,0,1,0,0,0,0
1,0,0,1,1,0,0,0
1,0,0,1,2,0,0,0
1,0,0,2,0,0,0,0
1,0,0,2,1,0,0,0
1,0,0,2,2,0,0,0
1,0,1,0,0,0,0,0
1,0,1,0,1,0,0,0
1,0,1,0,2,0,0,0
1,0,1,1,0,0,0,0
1,0,1,1,1,0,0,0
1,0,1,1,2,0,0,0
1,0,1,2,0,0,0,0
1,0,1,2,1,0,0,0
1,0,1,2,2,0,0,0
1,0,2,0,0,0,0,0
1,0,2,0,1,0,0,0
1,0,2,0,2,0,0,0
1,0,2,1,0,0,0,0
1,0,2,1,1,0,0,0
1,0,2,1,2,0,0,0
1,0,2,2,0,0,0,0
1,0,2,2,1,0,0,0
1,0,2,2,2,0,0,0
1,1,0,0,0,-7.7547108216,-1.21528471651,-3.72513738714e-05
1,1,0,0,1,-1.78120372717e-05,-1.21528471651,-3.72513738714e-05
1,1,0,0,2,0,-1.21528471651,-3.72513738714e-05
1,1,0,1,0,-1.78120372717e-05,5.88075807856e-07,2.83812452548e-09
1,1,0,1,1,-10.8890859462,5.88075807856e-07,2.83812452548e-09
1,1,0,1,2,0,5.88075807856e-07,2.83812452548e-09
1,1,0,2,0,0,0,0
1,1,0,2,1,0,0,0
1,1,0,2,2,-1.2737786581,0,0
1,1,1,0,0,1.26906423716e-07,5.88075807856e-07,2.85742498425e-09
1,1,1,0,1,0.0775820830537,5.88075807856e-07,2.85742498425e-09
1,1,1,0,2,0,5.88075807856e-07,2.85742498425e-09
1,1,1,1,0,0.0775820830537,78.0423985637,-0.0611140131117
1,1,1,1,1,-1.78120372716e-05,78.0423985637,-0.0611140131117
1,1,1,1,2,0,78.0423985637,-0.0611140131117
1,1,1,2,0,0,0,0
1,1,1,2,1,0,0,0
1,1,1,2,2,-0.295918674393,0,0
1,1,2,0,0,0,0,0
1,1,2,0,1,0,0,0
1,1,2,0,2,0.0775813043159,0,0
1,1,2,1,0,0,0,0
1,1,2,1,1,0,0,0
1,1,2,1,2,2.52967932386,0,0
1,1,2,2,0,0.0775813043159,10.6263740463,0.00729486081734
1,1,2,2,1,2.52967932386,10.6263740463,0.00729486081734
1,1,2,2,2,-0,10.6263740463,0.00729486081734
1,2,0,0,0,-7.74910376535,-1.21442109183,-3.67494172895e-05
1,2,0,0,1,-2.7290110902e-05,-1.21442109183,-3.67494172895e-05
1,2,0,0,2,0,-1.21442109183,-3.67494172895e-05
1,2,0,1,0,-2.7290110902e-05,9.01470268877e-07,4.29998245985e-09
1,2,0,1,1,-10.8892800917,9.01470268877e-07,4.29998245985e-09
1,2,0,1,2,0,9.01470268877e-07,4.29998245985e-09
1,2,0,2,0,0,0,0
1,2,0,2,1,0,0,0
1,2,0,2,2,-4.49915794373,0,0
1,2,1,0,0,1.94435387966e-07,9.01470268877e-07,4.3288916252e-09
1,2,1,0,1,0.0775834662934,9.01470268877e-07,4.3288916252e-09
1,2,1,0,2,0,9.01470268877e-07,4.3288916252e-09
1,2,1,1,0,0.0775834662934,83.1781325127,-0.0108602564944
1,2,1,1,1,-2.72901109021e-05,83.1781325127,-0.0108602564944
1,2,1,1,2,0,83.1781325127,-0.0108602564944
1,2,1,2,0,0,0,0
1,2,1,2,1,0,0,0
1,2,1,2,2,-0.453383717348,0,0
1,2,2,0,0,0,0,0
1,2,2,0,1,0,0,0
1,2,2,0,2,0.0775807152638,0,0
1,2,2,1,0,0,0,0
1,2,2,1,1,0,0,0
1,2,2,1,2,1.0972824887,0,0
1,2,2,2,0,0.0775807152638,35.3619441448,0.00500544898928
1,2,2,2,1,1.0972824887,35.3619441448,0.00500544898928
1,2,2,2,2,-0,35.3619441448,0.00500544898928
1,3,0,0,0,-7.74272741329,-1.21343896019,-3.62472875667e-05
1,3,0,0,1,-2.39990073434e-05,-1.21343896019,-3.62472875667e-05
1,3,0,0,2,0,-1.21343896019,-3.62472875667e-05
1,3,0,1,0,-2.39990073434e-05,7.93226258143e-07,3.7389099877e-09
1,3,0,1,1,-10.8895008743,7.93226258143e-07,3.7389099877e-09
1,3,0,1,2,0,7.93226258143e-07,3.7389099877e-09
1,3,0,2,0,0,0,0
1,3,0,2,1,0,0,0
1,3,0,2,2,-8.16702578975,0,0
1,3,1,0,0,1.70987077347e-07,7.93226258143e-07,3.76375791466e-09
1,3,1,0,1,0.0775850393155,7.93226258143e-07,3.76375791466e-09
1,3,1,0,2,0,7.93226258143e-07,3.76375791466e-09
1,3,1,1,0,0.0775850393155,84.0318967882,-0.00204521207513
1,3,1,1,1,-2.39990073434e-05,84.0318967882,-0.00204521207513
1,3,1,1,2,0,84.0318967882,-0.00204521207513
1,3,1,2,0,0,0,0
1,3,1,2,1,0,0,0
1,3,1,2,2,-0.398708955331,0,0
1,3,2,0,0,0,0,0
1,3,2,0,1,0,0,0
1,3,2,0,2,0.0775800446783,0,0
1,3,2,1,0,0,0,0
1,3,2,1,1,0,0,0
1,3,2,1,2,0.531584217342,0,0
1,3,2,2,0,0.0775800446783,63.4469802012,0.0024640435341
1,3,2,2,1,0.531584217342,63.4469802012,0.0024640435341
1,3,2,2,2,-0,63.4469802012,0.0024640435341
1,4,0,0,0,-7.73856540559,-1.21279788836,-3.57454090097e-05
1,4,0,0,1,-9.47807364664e-06,-1.21279788836,-3.57454090097e-05
1,4,0,0,2,0,-1.21279788836,-3.57454090097e-05
1,4,0,1,0,-9.47807364664e-06,3.13395119659e-07,1.45981479702e-09
1,4,0,1,1,-10.8896449848,3.13395119659e-07,1.45981479702e-09
1,4,0,1,2,0,3.13395119659e-07,1.45981479702e-09
1,4,0,2,0,0,0,0
1,4,0,2,1,0,0,0
1,4,0,2,2,-10.5611149136,0,0
1,4,1,0,0,6.75289643664e-08,3.13395119659e-07,1.46940345095e-09
1,4,1,0,1,0.0775860660672,3.13395119659e-07,1.46940345095e-09
1,4,1,0,2,0,3.13395119659e-07,1.46940345095e-09
1,4,1,1,0,0.0775860660672,84.2439412802,0.000367440116082
1,4,1,1,1,-9.47807364661e-06,84.2439412802,0.000367440116082
1,4,1,1,2,0,84.2439412802,0.000367440116082
1,4,1,2,0,0,0,0
1,4,1,2,1,0,0,0
1,4,1,2,2,-0.157465043347,0,0
1,4,2,0,0,0,0,0
1,4,2,0,1,0,0,0
1,4,2,0,2,0.0775796065589,0,0
1,4,2,1,0,0,0,0
1,4,2,1,1,0,0,0
1,4,2,1,2,0.162349872269,0,0
1,4,2,2,0,0.0775796065589,81.7533777095,0.000832241911268
1,4,2,2,1,0.162349872269,81.7533777095,0.000832241911268
1,4,2,2,2,-0,81.7533777095,0.000832241911268
1,5,0,0,0,-7.73856540559,-1.21279788836,-3.52440457853e-05
1,5,0,0,1,9.47807364664e-06,-1.21279788836,-3.52440457853e-05
1,5,0,0,2,0,-1.21279788836,-3.52440457853e-05
1,5,0,1,0,9.47807364664e-06,-3.13395119659e-07,-1.44295202067e-09
1,5,0,1,1,-10.8896449848,-3.13395119659e-07,-1.44295202067e-09
1,5,0,1,2,0,-3.13395119659e-07,-1.44295202067e-09
1,5,0,2,0,0,0,0
1,5,0,2,1,0,0,0
1,5,0,2,2,-10.5611149136,0,0
1,5,1,0,0,-6.75289643664e-08,-3.13395119659e-07,-1.45231816998e-09
1,5,1,0,1,0.0775860660672,-3.13395119659e-07,-1.45231816998e-09
1,5,1,0,2,0,-3.13395119659e-07,-1.45231816998e-09
1,5,1,1,0,0.0775860660672,84.2439412802,0.000363169307656
1,5,1,1,1,9.47807364661e-06,84.2439412802,0.000363169307656
1,5,1,1,2,0,84.2439412802,0.000363169307656
1,5,1,2,0,0,0,0
1,5,1,2,1,0,0,0
1,5,1,2,2,0.157465043347,0,0
1,5,2,0,0,0,0,0
1,5,2,0,1,0,0,0
1,5,2,0,2,0.0775796065589,0,0
1,5,2,1,0,0,0,0
1,5,2,1,1,0,0,0
1,5,2,1,2,-0.162349872269,0,0
1,5,2,2,0,0.0775796065589,81.7533777095,0.000822565150177
1,5,2,2,1,-0.162349872269,81.7533777095,0.000822565150177
1,5,2,2,2,0,81.7533777095,0.000822565150177
1,6,0,0,0,-7.74272741329,-1.21343896019,-3.47431813465e-05
1,6,0,0,1,2.39990073434e-05,-1.21343896019,-3.47431813465e-05
1,6,0,0,2,0,-1.21343896019,-3.47431813465e-05
1,6,0,1,0,2.39990073434e-05,-7.93226258143e-07,-3.61082138926e-09
1,6,0,1,1,-10.8895008743,-7.93226258143e-07,-3.61082138926e-09
1,6,0,1,2,0,-7.93226258143e-07,-3.61082138926e-09
1,6,0,2,0,0,0,0
1,6,0,2,1,0,0,0
1,6,0,2,2,-8.16702578975,0,0
1,6,1,0,0,-1.70987077347e-07,-7.93226258143e-07,-3.63397920686e-09
1,6,1,0,1,0.0775850393155,-7.93226258143e-07,-3.63397920686e-09
1,6,1,0,2,0,-7.93226258143e-07,-3.63397920686e-09
1,6,1,1,0,0.0775850393155,84.0318967882,-0.00197468692412
1,6,1,1,1,2.39990073434e-05,84.0318967882,-0.00197468692412
1,6,1,1,2,0,84.0318967882,-0.00197468692412
1,6,1,2,0,0,0,0
1,6,1,2,1,0,0,0
1,6,1,2,2,0.398708955331,0,0
1,6,2,0,0,0,0,0
1,6,2,0,1,0,0,0
1,6,2,0,2,0.0775800446783,0,0
1,6,2,1,0,0,0,0
1,6,2,1,1,0,0,0
1,6,2,1,2,-0.531584217342,0,0
1,6,2,2,0,0.0775800446783,63.4469802012,0.002379081791
1,6,2,2,1,-0.531584217342,63.4469802012,0.002379081791
1,6,2,2,2,0,63.4469802012,0.002379081791
1,7,0,0,0,-7.74910376535,-1.21442109183,-3.42425313559e-05
1,7,0,0,1,2.7290110902e-05,-1.21442109183,-3.42425313559e-05
1,7,0,0,2,0,-1.21442109183,-3.42425313559e-05
1,7,0,1,0,2.7290110902e-05,-9.01470268891e-07,-4.05723695897e-09
1,7,0,1,1,-10.8892800917,-9.01470268891e-07,-4.05723695897e-09
1,7,0,1,2,0,-9.01470268891e-07,-4.05723695897e-09
1,7,0,2,0,0,0,0
1,7,0,2,1,0,0,0
1,7,0,2,2,-4.49915794373,0,0
1,7,1,0,0,-1.94435387966e-07,-9.01470268891e-07,-4.082943199e-09
1,7,1,0,1,0.0775834662934,-9.01470268891e-07,-4.082943199e-09
1,7,1,0,2,0,-9.01470268891e-07,-4.082943199e-09
1,7,1,1,0,0.0775834662934,83.1781325127,-0.0102432204972
1,7,1,1,1,2.72901109021e-05,83.1781325127,-0.0102432204972
1,7,1,1,2,0,83.1781325127,-0.0102432204972
1,7,1,2,0,0,0,0
1,7,1,2,1,0,0,0
1,7,1,2,2,0.453383717348,0,0
1,7,2,0,0,0,0,0
1,7,2,0,1,0,0,0
1,7,2,0,2,0.0775807152638,0,0
1,7,2,1,0,0,0,0
1,7,2,1,1,0,0,0
1,7,2,1,2,-1.0972824887,0,0
1,7,2,2,0,0.0775807152638,35.3619441448,0.00472108012039
1,7,2,2,1,-1.0972824887,35.3619441448,0.00472108012039
1,7,2,2,2,0,35.3619441448,0.00472108012039
1,8,0,0,0,-7.7547108216,-1.21528471651,-3.37416815771e-05
1,8,0,0,1,1.78120372717e-05,-1.21528471651,-3.37416815771e-05
1,8,0,0,2,0,-1.21528471651,-3.37416815771e-05
1,8,0,1,0,1.78120372717e-05,-5.880758078e-07,-2.61632002285e-09
1,8,0,1,1,-10.8890859462,-5.880758078e-07,-2.61632002285e-09
1,8,0,1,2,0,-5.880758078e-07,-2.61632002285e-09
1,8,0,2,0,0,0,0
1,8,0,2,1,0,0,0
1,8,0,2,2,-1.2737786581,0,0
1,8,1,0,0,-1.26906423716e-07,-5.880758078e-07,-2.63269391788e-09
1,8,1,0,1,0.0775820830537,-5.880758078e-07,-2.63269391788e-09
1,8,1,0,2,0,-5.880758078e-07,-2.63269391788e-09
1,8,1,1,0,0.0775820830537,78.0423985637,-0.0563075087662
1,8,1,1,1,1.78120372716e-05,78.0423985637,-0.0563075087662
1,8,1,1,2,0,78.0423985637,-0.0563075087662
1,8,1,2,0,0,0,0
1,8,1,2,1,0,0,0
1,8,1,2,2,0.295918674393,0,0
1,8,2,0,0,0,0,0
1,8,2,0,1,0,0,0
1,8,2,0,2,0.0775813043159,0,0
1,8,2,1,0,0,0,0
1,8,2,1,1,0,0,0
1,8,2,1,2,-2.52967932386,0,0
1,8,2,2,0,0.0775813043159,10.6263740463,0.00672133028108
1,8,2,2,1,-2.52967932386,10.6263740463,0.00672133028108
1,8,2,2,2,0,10.6263740463,0.00672133028108
1,9,0,0,0,0,0,0
1,9,0,0,1,0,0,0
1,9,0,0,2,0,0,0
1,9,0,1,0,0,0,0
1,9,0,1,1,0,0,0
1,9,0,1,2,0,0,0
1,9,0,2,0,0,0,0
1,9,0,2,1,0,0,0
1,9,0,2,2,0,0,0
1,9,1,0,0,0,0,0
1,9,1,0,1,0,0,0
1,9,1,0,2,0,0,0
1,9,1,1,0,0,0,0
1,9,1,1,1,0,0,0
1,9,1,1,2,0,0,0
1,9,1,2,0,0,0,0
1,9,1,2,1,0,0,0
1,9,1,2,2,0,0,0
1,9,2,0,0,0,0,0
1,9,2,0,1,0,0,0
1,9,2,0,2,0,0,0
1,9,2,1,0,0,0,0
1,9,2,1,1,0,0,0
1,9,2,1,2,0,0,0
1,9,2,2,0,0,0,0
1,9,2,2,1,0,0,0
1,9,2,2,2,0,0,0
2,0,0,0,0,0,0,0
2,0,0,0,1,0,0,0
2,0,0,0,2,0,0,0
2,0,0,1,0,0,0,0
2,0,0,1,1,0,0,0
2,0,0,1,2,0,0,0
2,0,0,2,0,0,0,0
2,0,0,2,1,0,0,0
2,0,0,2,2,0,0,0
2,0,1,0,0,0,0,0
2,0,1,0,1,0,0,0
2,0,1,0,2,0,0,0
2,0,1,1,0,0,0,0
2,0,1,1,1,0,0,0
2,0,1,1,2,0,0,0
2,0,1,2,0,0,0,0
2,0,1,2,1,0,0,0
2,0,1,2,2,0,0,0
2,0,2,0,0,0,0,0
2,0,2,0,1,0,0,0
2,0,2,0,2,0,0,0
2,0,2,1,0,0,0,0
2,0,2,1,1,0,0,0
2,0,2,1,2,0,0,0
2,0,2,2,0,0,0,0
2,0,2,2,1,0,0,0
2,0,2,2,2,0,0,0
2,1,0,0,0,-0.00257445388347,-0.00375382167823,-2.5744975363e-05
2,1,0,0,1,-5.23381452686e-06,-0.00375382167823,-2.5744975363e-05
2,1,0,0,2,0,-0.00375382167823,-2.5744975363e-05
2,1,0,1,0,-5.23381452686e-06,3.02263944568e-08,2.26478791313e-10
2,1,0,1,1,-21.777858209,3.02263944568e-08,2.26478791313e-10
2,1,0,1,2,0,3.02263944568e-08,2.26478791313e-10
2,1,0,2,0,0,0,0
2,1,0,2,1,0,0,0
2,1,0,2,2,-2.54752519202,0,0
2,1,1,0,0,1.01070663254e-08,3.02263944568e-08,2.2802781574e-10
2,1,1,0,1,0.0420554179393,3.02263944568e-08,2.2802781574e-10
2,1,1,0,2,0,3.02263944568e-08,2.2802781574e-10
2,1,1,1,0,0.0420554179393,-6.34319270745,-0.0567526029655
2,1,1,1,1,-5.23381452687e-06,-6.34319270745,-0.0567526029655
2,1,1,1,2,0,-6.34319270745,-0.0567526029655
2,1,1,2,0,0,0,0
2,1,1,2,1,0,0,0
2,1,1,2,2,-0.295916242958,0,0
2,1,2,0,0,0,0,0
2,1,2,0,1,0,0,0
2,1,2,0,2,0.0420553189794,0,0
2,1,2,1,0,0,0,0
2,1,2,1,1,0,0,0
2,1,2,1,2,2.52967344026,0,0
2,1,2,2,0,0.0420553189794,0.755132791917,0.00671253535864
2,1,2,2,1,2.52967344026,0.755132791917,0.00671253535864
2,1,2,2,2,-0,0.755132791917,0.00671253535864
2,2,0,0,0,-0.00257407860388,-0.00375381516531,-2.54157283804e-05
2,2,0,0,1,-8.01871107777e-06,-0.00375381516531,-2.54157283804e-05
2,2,0,0,2,0,-0.00375381516531,-2.54157283804e-05
2,2,0,1,0,-8.01871107777e-06,4.63104668641e-08,3.4263194485e-10
2,2,0,1,1,-21.7779722998,4.63104668641e-08,3.4263194485e-10
2,2,0,1,2,0,4.63104668641e-08,3.4263194485e-10
2,2,0,2,0,0,0,0
2,2,0,2,1,0,0,0
2,2,0,2,2,-8.99813004916,0,0
2,2,1,0,0,1.54850051127e-08,4.63104668641e-08,3.44945310457e-10
2,2,1,0,1,0.0420556382609,4.63104668641e-08,3.44945310457e-10
2,2,1,0,2,0,4.63104668641e-08,3.44945310457e-10
2,2,1,1,0,0.0420556382609,-1.14796325294,-0.010288050557
2,2,1,1,1,-8.01871107782e-06,-1.14796325294,-0.010288050557
2,2,1,1,2,0,-1.14796325294,-0.010288050557
2,2,1,2,0,0,0,0
2,2,1,2,1,0,0,0
2,2,1,2,2,-0.453372668304,0,0
2,2,2,0,0,0,0,0
2,2,2,0,1,0,0,0
2,2,2,0,2,0.0420552887237,0,0
2,2,2,1,0,0,0,0
2,2,2,1,1,0,0,0
2,2,2,1,2,1.09727857854,0,0
2,2,2,2,0,0.0420552887237,0.520642136807,0.00451012575196
2,2,2,2,1,1.09727857854,0.520642136807,0.00451012575196
2,2,2,2,2,-0,0.520642136807,0.00451012575196
2,3,0,0,0,-0.00257365184689,-0.00375380775891,-2.50864215971e-05
2,3,0,0,1,-7.05157818751e-06,-0.00375380775891,-2.50864215971e-05
2,3,0,0,2,0,-0.00375380775891,-2.50864215971e-05
2,3,0,1,0,-7.05157818751e-06,4.07256849667e-08,2.97475494927e-10
2,3,0,1,1,-21.7781020405,4.07256849667e-08,2.97475494927e-10
2,3,0,1,2,0,4.07256849667e-08,2.97475494927e-10
2,3,0,2,0,0,0,0
2,3,0,2,1,0,0,0
2,3,0,2,2,-16.3335650002,0,0
2,3,1,0,0,1.36173660863e-08,4.07256849667e-08,2.99457845033e-10
2,3,1,0,1,0.0420558888043,4.07256849667e-08,2.99457845033e-10
2,3,1,0,2,0,4.07256849667e-08,2.99457845033e-10
2,3,1,1,0,0.0420558888043,-0.226519648769,-0.00214645572684
2,3,1,1,1,-7.05157818748e-06,-0.226519648769,-0.00214645572684
2,3,1,1,2,0,-0.226519648769,-0.00214645572684
2,3,1,2,0,0,0,0
2,3,1,2,1,0,0,0
2,3,1,2,2,-0.398691914682,0,0
2,3,2,0,0,0,0,0
2,3,2,0,1,0,0,0
2,3,2,0,2,0.0420552543173,0,0
2,3,2,1,0,0,0,0
2,3,2,1,1,0,0,0
2,3,2,1,2,0.53158157487,0,0
2,3,2,2,0,0.0420552543173,0.253969445003,0.00207459140543
2,3,2,2,1,0.53158157487,0.253969445003,0.00207459140543
2,3,2,2,2,-0,0.253969445003,0.00207459140543
2,4,0,0,0,-0.00257337329831,-0.00375380292463,-2.47570637392e-05
2,4,0,0,1,-2.78489655147e-06,-0.00375380292463,-2.47570637392e-05
2,4,0,0,2,0,-0.00375380292463,-2.47570637392e-05
2,4,0,1,0,-2.78489655147e-06,1.60840724402e-08,1.15968746838e-10
2,4,0,1,1,-21.7781867235,1.60840724402e-08,1.15968746838e-10
2,4,0,1,2,0,1.60840724402e-08,1.15968746838e-10
2,4,0,2,0,0,0,0
2,4,0,2,1,0,0,0
2,4,0,2,2,-21.1214747599,0,0
2,4,1,0,0,5.37793878836e-09,1.60840724402e-08,1.16731364408e-10
2,4,1,0,1,0.0420560523365,1.60840724402e-08,1.16731364408e-10
2,4,1,0,2,0,1.60840724402e-08,1.16731364408e-10
2,4,1,1,0,0.0420560523365,0.0297036500183,7.97396609924e-05
2,4,1,1,1,-2.78489655151e-06,0.0297036500183,7.97396609924e-05
2,4,1,1,2,0,0.0297036500183,7.97396609924e-05
2,4,1,2,0,0,0,0
2,4,1,2,1,0,0,0
2,4,1,2,2,-0.157456425375,0,0
2,4,2,0,0,0,0,0
2,4,2,0,1,0,0,0
2,4,2,0,2,0.0420552318596,0,0
2,4,2,1,0,0,0,0
2,4,2,1,1,0,0,0
2,4,2,1,2,0.162348916094,0,0
2,4,2,2,0,0.0420552318596,0.0798998664763,0.000515742526058
2,4,2,2,1,0.162348916094,0.0798998664763,0.000515742526058
2,4,2,2,2,-0,0.0798998664763,0.000515742526058
2,5,0,0,0,-0.00257337329831,-0.00375380292463,-2.44276603361e-05
2,5,0,0,1,2.78489655147e-06,-0.00375380292463,-2.44276603361e-05
2,5,0,0,2,0,-0.00375380292463,-2.44276603361e-05
2,5,0,1,0,2.78489655147e-06,-1.60840724402e-08,-1.14452852984e-10
2,5,0,1,1,-21.7781867235,-1.60840724402e-08,-1.14452852984e-10
2,5,0,1,2,0,-1.60840724402e-08,-1.14452852984e-10
2,5,0,2,0,0,0,0
2,5,0,2,1,0,0,0
2,5,0,2,2,-21.1214747599,0,0
2,5,1,0,0,-5.37793878836e-09,-1.60840724402e-08,-1.15195445058e-10
2,5,1,0,1,0.0420560523365,-1.60840724402e-08,-1.15195445058e-10
2,5,1,0,2,0,-1.60840724402e-08,-1.15195445058e-10
2,5,1,1,0,0.0420560523365,0.0297036500183,7.86907270492e-05
2,5,1,1,1,2.78489655151e-06,0.0297036500183,7.86907270492e-05
2,5,1,1,2,0,0.0297036500183,7.86907270492e-05
2,5,1,2,0,0,0,0
2,5,1,2,1,0,0,0
2,5,1,2,2,0.157456425375,0,0
2,5,2,0,0,0,0,0
2,5,2,0,1,0,0,0
2,5,2,0,2,0.0420552318596,0,0
2,5,2,1,0,0,0,0
2,5,2,1,1,0,0,0
2,5,2,1,2,-0.162348916094,0,0
2,5,2,2,0,0.0420552318596,0.0798998664763,0.000508956529707
2,5,2,2,1,-0.162348916094,0.0798998664763,0.000508956529707
2,5,2,2,2,0,0.0798998664763,0.000508956529707
2,6,0,0,0,-0.00257365184689,-0.00375380775891,-2.40982111743e-05
2,6,0,0,1,7.05157818751e-06,-0.00375380775891,-2.40982111743e-05
2,6,0,0,2,0,-0.00375380775891,-2.40982111743e-05
2,6,0,1,0,7.05157818751e-06,-4.07256849737e-08,-2.85959207654e-10
2,6,0,1,1,-21.7781020405,-4.07256849737e-08,-2.85959207654e-10
2,6,0,1,2,0,-4.07256849737e-08,-2.85959207654e-10
2,6,0,2,0,0,0,0
2,6,0,2,1,0,0,0
2,6,0,2,2,-16.3335650002,0,0
2,6,1,0,0,-1.36173660863e-08,-4.07256849737e-08,-2.87789433474e-10
2,6,1,0,1,0.0420558888043,-4.07256849737e-08,-2.87789433474e-10
2,6,1,0,2,0,-4.07256849737e-08,-2.87789433474e-10
2,6,1,1,0,0.0420558888043,-0.226519648769,-0.00206282798947
2,6,1,1,1,7.05157818748e-06,-0.226519648769,-0.00206282798947
2,6,1,1,2,0,-0.226519648769,-0.00206282798947
2,6,1,2,0,0,0,0
2,6,1,2,1,0,0,0
2,6,1,2,2,0.398691914682,0,0
2,6,2,0,0,0,0,0
2,6,2,0,1,0,0,0
2,6,2,0,2,0.0420552543173,0,0
2,6,2,1,0,0,0,0
2,6,2,1,1,0,0,0
2,6,2,1,2,-0.53158157487,0,0
2,6,2,2,0,0.0420552543173,0.253969445003,0.00199376452692
2,6,2,2,1,-0.53158157487,0.253969445003,0.00199376452692
2,6,2,2,2,0,0.253969445003,0.00199376452692
2,7,0,0,0,-0.00257407860388,-0.00375381516531,-2.37687104547e-05
2,7,0,0,1,8.01871107777e-06,-0.00375381516531,-2.37687104547e-05
2,7,0,0,2,0,-0.00375381516531,-2.37687104547e-05
2,7,0,1,0,8.01871107777e-06,-4.63104668572e-08,-3.20808631988e-10
2,7,0,1,1,-21.7779722998,-4.63104668572e-08,-3.20808631988e-10
2,7,0,1,2,0,-4.63104668572e-08,-3.20808631988e-10
2,7,0,2,0,0,0,0
2,7,0,2,1,0,0,0
2,7,0,2,2,-8.99813004916,0,0
2,7,1,0,0,-1.54850051127e-08,-4.63104668572e-08,-3.2283370729e-10
2,7,1,0,1,0.0420556382609,-4.63104668572e-08,-3.2283370729e-10
2,7,1,0,2,0,-4.63104668572e-08,-3.2283370729e-10
2,7,1,1,0,0.0420556382609,-1.14796325294,-0.00962856761808
2,7,1,1,1,8.01871107782e-06,-1.14796325294,-0.00962856761808
2,7,1,1,2,0,-1.14796325294,-0.00962856761808
2,7,1,2,0,0,0,0
2,7,1,2,1,0,0,0
2,7,1,2,2,0.453372668304,0,0
2,7,2,0,0,0,0,0
2,7,2,0,1,0,0,0
2,7,2,0,2,0.0420552887237,0,0
2,7,2,1,0,0,0,0
2,7,2,1,1,0,0,0
2,7,2,1,2,-1.09727857854,0,0
2,7,2,2,0,0.0420552887237,0.520642136807,0.00422102380159
2,7,2,2,1,-1.09727857854,0.520642136807,0.00422102380159
2,7,2,2,2,0,0.520642136807,0.00422102380159
2,8,0,0,0,-0.00257445388347,-0.00375382167823,-2.3439149556e-05
2,8,0,0,1,5.23381452686e-06,-0.00375382167823,-2.3439149556e-05
2,8,0,0,2,0,-0.00375382167823,-2.3439149556e-05
2,8,0,1,0,5.23381452686e-06,-3.02263944568e-08,-2.06537470733e-10
2,8,0,1,1,-21.777858209,-3.02263944568e-08,-2.06537470733e-10
2,8,0,1,2,0,-3.02263944568e-08,-2.06537470733e-10
2,8,0,2,0,0,0,0
2,8,0,2,1,0,0,0
2,8,0,2,2,-2.54752519202,0,0
2,8,1,0,0,-1.01070663254e-08,-3.02263944568e-08,-2.07823068296e-10
2,8,1,0,1,0.0420554179393,-3.02263944568e-08,-2.07823068296e-10
2,8,1,0,2,0,-3.02263944568e-08,-2.07823068296e-10
2,8,1,1,0,0.0420554179393,-6.34319270745,-0.0517239526033
2,8,1,1,1,5.23381452687e-06,-6.34319270745,-0.0517239526033
2,8,1,1,2,0,-6.34319270745,-0.0517239526033
2,8,1,2,0,0,0,0
2,8,1,2,1,0,0,0
2,8,1,2,2,0.295916242958,0,0
2,8,2,0,0,0,0,0
2,8,2,0,1,0,0,0
2,8,2,0,2,0.0420553189794,0,0
2,8,2,1,0,0,0,0
2,8,2,1,1,0,0,0
2,8,2,1,2,-2.52967344026,0,0
2,8,2,2,0,0.0420553189794,0.755132791917,0.00611781576756
2,8,2,2,1,-2.52967344026,0.755132791917,0.00611781576756
2,8,2,2,2,0,0.755132791917,0.00611781576756
2,9,0,0,0,0,0,0
2,9,0,0,1,0,0,0
2,9,0,0,2,0,0,0
2,9,0,1,0,0,0,0
2,9,0,1,1,0,0,0
2,9,0,1,2,0,0,0
2,9,0,2,0,0,0,0
2,9,0,2,1,0,0,0
2,9,0,2,2,0,0,0
2,9,1,0,0,0,0,0
2,9,1,0,1,0,0,0
2,9,1,0,2,0,0,0
2,9,1,1,0,0,0,0
2,9,1,1,1,0,0,0
2,9,1,1,2,0,0,0
2,9,1,2,0,0,0,0
2,9,1,2,1,0,0,0
2,9,1,2,2,0,0,0
2,9,2,0,0,0,0,0
2,9,2,0,1,0,0,0
2,9,2,0,2,0,0,0
2,9,2,1,0,0,0,0
2,9,2,1,1,0,0,0
2,9,2,1,2,0,0,0
2,9,2,2,0,0,0,0
2,9,2,2,1,0,0,0
2,9,2,2,2,0,0,0
3,0,0,0,0,0,0,0
3,0,0,0,1,0,0,0
3,0,0,0,2,0,0,0
3,0,0,1,0,0,0,0
3,0,0,1,1,0,0,0
3,0,0,1,2,0,0,0
3,0,0,2,0,0,0,0
3,0,0,2,1,0,0,0
3,0,0,2,2,0,0,0
3,0,1,0,0,0,0,0
3,0,1,0,1,0,0,0
3,0,1,0,2,0,0,0
3,0,1,1,0,0,0,0
3,0,1,1,1,0,0,0
3,0,1,1,2,0,0,0
3,0,1,2,0,0,0,0
3,0,1,2,1,0,0,0
3,0,1,2,2,0,0,0
3,0,2,0,0,0,0,0
3,0,2,0,1,0,0,0
3,0,2,0,2,0,0,0
3,0,2,1,0,0,0,0
3,0,2,1,1,0,0,0
3,0,2,1,2,0,0,0
3,0,2,2,0,0,0,0
3,0,2,2,1,0,0,0
3,0,2,2,2,0,0,0
3,1,0,0,0,-0.000993358210626,-0.00172147813847,-1.08520794928e-05
3,1,0,0,1,-2.46229610858e-06,-0.00172147813847,-1.08520794928e-05
3,1,0,0,2,0,-0.00172147813847,-1.08520794928e-05
3,1,0,1,0,-2.46229610858e-06,6.37078659271e-09,4.44336547967e-11
3,1,0,1,1,-32.6667151052,6.37078659271e-09,4.44336547967e-11
3,1,0,1,2,0,6.37078659271e-09,4.44336547967e-11
3,1,0,2,0,0,0,0
3,1,0,2,1,0,0,0
3,1,0,2,2,-3.82127964292,0,0
3,1,1,0,0,2.17430036206e-09,6.37078659271e-09,4.47103818323e-11
3,1,1,0,1,0.0288459418968,6.37078659271e-09,4.47103818323e-11
3,1,1,0,2,0,6.37078659271e-09,4.47103818323e-11
3,1,1,1,0,0.0288459418968,-6.3667993743,-0.0503673529391
3,1,1,1,1,-2.46229610867e-06,-6.3667993743,-0.0503673529391
3,1,1,1,2,0,-6.3667993743,-0.0503673529391
3,1,1,2,0,0,0,0
3,1,1,2,1,0,0,0
3,1,1,2,2,-0.295915795557,0,0
3,1,2,0,0,0,0,0
3,1,2,0,1,0,0,0
3,1,2,0,2,0.0288459113007,0,0
3,1,2,1,0,0,0,0
3,1,2,1,1,0,0,0
3,1,2,1,2,2.52967268528,0,0
3,1,2,2,0,0.0288459113007,0.752367345018,0.00593682721259
3,1,2,2,1,2.52967268528,0.752367345018,0.00593682721259
3,1,2,2,2,-0,0.752367345018,0.00593682721259
3,2,0,0,0,-0.000993269206201,-0.00172147864664,-1.06931393176e-05
3,2,0,0,1,-3.77246580053e-06,-0.00172147864664,-1.06931393176e-05
3,2,0,0,2,0,-0.00172147864664,-1.06931393176e-05
3,2,0,1,0,-3.77246580053e-06,9.76069118586e-09,6.71049558084e-11
3,2,0,1,1,-32.6667956173,9.76069118586e-09,6.71049558084e-11
3,2,0,1,2,0,9.76069118586e-09,6.71049558084e-11
3,2,0,2,0,0,0,0
3,2,0,2,1,0,0,0
3,2,0,2,2,-13.497131559,0,0
3,2,1,0,0,3.3312296305e-09,9.76069118586e-09,6.75167193482e-11
3,2,1,0,1,0.028846012992,9.76069118586e-09,6.75167193482e-11
3,2,1,0,2,0,9.76069118586e-09,6.75167193482e-11
3,2,1,1,0,0.028846012992,-1.17157286487,-0.00918472745861
3,2,1,1,1,-3.7724658005e-06,-1.17157286487,-0.00918472745861
3,2,1,1,2,0,-1.17157286487,-0.00918472745861
3,2,1,2,0,0,0,0
3,2,1,2,1,0,0,0
3,2,1,2,2,-0.4533705178,0,0
3,2,2,0,0,0,0,0
3,2,2,0,1,0,0,0
3,2,2,0,2,0.0288459049238,0,0
3,2,2,1,0,0,0,0
3,2,2,1,1,0,0,0
3,2,2,1,2,1.0972780768,0,0
3,2,2,2,0,0.0288459049238,0.510881777035,0.00395223038527
3,2,2,2,1,1.0972780768,0.510881777035,0.00395223038527
3,2,2,2,2,-0,0.510881777035,0.00395223038527
3,3,0,0,0,-0.00099316799357,-0.0017214792245,-1.05341704346e-05
3,3,0,0,1,-3.31746004712e-06,-0.0017214792245,-1.05341704346e-05
3,3,0,0,2,0,-0.0017214792245,-1.05341704346e-05
3,3,0,1,0,-3.31746004712e-06,8.58348763941e-09,5.81473387889e-11
3,3,0,1,1,-32.6668871729,8.58348763941e-09,5.81473387889e-11
3,3,0,1,2,0,8.58348763941e-09,5.81473387889e-11
3,3,0,2,0,0,0,0
3,3,0,2,1,0,0,0
3,3,0,2,2,-24.5001604863,0,0
3,3,1,0,0,2.92944238366e-09,8.58348763941e-09,5.84988023158e-11
3,3,1,0,1,0.028846093839,8.58348763941e-09,5.84988023158e-11
3,3,1,0,2,0,8.58348763941e-09,5.84988023158e-11
3,3,1,1,0,0.028846093839,-0.250130258804,-0.00198034821695
3,3,1,1,1,-3.31746004705e-06,-0.250130258804,-0.00198034821695
3,3,1,1,2,0,-0.250130258804,-0.00198034821695
3,3,1,2,0,0,0,0
3,3,1,2,1,0,0,0
3,3,1,2,2,-0.398688558489,0,0
3,3,2,0,0,0,0,0
3,3,2,0,1,0,0,0
3,3,2,0,2,0.0288458976722,0,0
3,3,2,1,0,0,0,0
3,3,2,1,1,0,0,0
3,3,2,1,2,0.531581235799,0,0
3,3,2,2,0,0.0288458976722,0.236265971001,0.00176663065753
3,3,2,2,1,0.531581235799,0.236265971001,0.00176663065753
3,3,2,2,2,-0,0.236265971001,0.00176663065753
3,4,0,0,0,-0.00099310193141,-0.00172147960168,-1.03751707853e-05
3,4,0,0,1,-1.31016969185e-06,-0.00172147960168,-1.03751707853e-05
3,4,0,0,2,0,-0.00172147960168,-1.03751707853e-05
3,4,0,1,0,-1.31016969185e-06,3.38990459661e-09,2.26234686249e-11
3,4,0,1,1,-32.6669469318,3.38990459661e-09,2.26234686249e-11
3,4,0,1,2,0,3.38990459661e-09,2.26234686249e-11
3,4,0,2,0,0,0,0
3,4,0,2,1,0,0,0
3,4,0,2,2,-31.681909771,0,0
3,4,1,0,0,1.15692926835e-09,3.38990459661e-09,2.27581373079e-11
3,4,1,0,1,0.0288461466084,3.38990459661e-09,2.27581373079e-11
3,4,1,0,2,0,3.38990459661e-09,2.27581373079e-11
3,4,1,1,0,0.0288461466084,0.00609255127207,-1.43868675309e-05
3,4,1,1,1,-1.31016969187e-06,0.00609255127207,-1.43868675309e-05
3,4,1,1,2,0,0.00609255127207,-1.43868675309e-05
3,4,1,2,0,0,0,0
3,4,1,2,1,0,0,0
3,4,1,2,2,-0.157454722249,0,0
3,4,2,0,0,0,0,0
3,4,2,0,1,0,0,0
3,4,2,0,2,0.028845892939,0,0
3,4,2,1,0,0,0,0
3,4,2,1,1,0,0,0
3,4,2,1,2,0.162348793402,0,0
3,4,2,2,0,0.028845892939,0.0570183258111,0.00037232797524
3,4,2,2,1,0.162348793402,0.0570183258111,0.00037232797524
3,4,2,2,2,-0,0.0570183258111,0.00037232797524
3,5,0,0,0,-0.00099310193141,-0.00172147960168,-1.02161391643e-05
3,5,0,0,1,1.31016969185e-06,-0.00172147960168,-1.02161391643e-05
3,5,0,0,2,0,-0.00172147960168,-1.02161391643e-05
3,5,0,1,0,1.31016969185e-06,-3.38990459748e-09,-2.22827230999e-11
3,5,0,1,1,-32.6669469318,-3.38990459748e-09,-2.22827230999e-11
3,5,0,1,2,0,-3.38990459748e-09,-2.22827230999e-11
3,5,0,2,0,0,0,0
3,5,0,2,1,0,0,0
3,5,0,2,2,-31.681909771,0,0
3,5,1,0,0,-1.15692926835e-09,-3.38990459748e-09,-2.24133188695e-11
3,5,1,0,1,0.0288461466084,-3.38990459748e-09,-2.24133188695e-11
3,5,1,0,2,0,-3.38990459748e-09,-2.24133188695e-11
3,5,1,1,0,0.0288461466084,0.00609255127207,-1.41688004405e-05
3,5,1,1,1,1.31016969187e-06,0.00609255127207,-1.41688004405e-05
3,5,1,1,2,0,0.00609255127207,-1.41688004405e-05
3,5,1,2,0,0,0,0
3,5,1,2,1,0,0,0
3,5,1,2,2,0.157454722249,0,0
3,5,2,0,0,0,0,0
3,5,2,0,1,0,0,0
3,5,2,0,2,0.028845892939,0,0
3,5,2,1,0,0,0,0
3,5,2,1,1,0,0,0
3,5,2,1,2,-0.162348793402,0,0
3,5,2,2,0,0.028845892939,0.0570183258111,0.000366686673041
3,5,2,2,1,-0.162348793402,0.0570183258111,0.000366686673041
3,5,2,2,2,0,0.0570183258111,0.000366686673041
3,6,0,0,0,-0.00099316799357,-0.0017214792245,-1.00570757403e-05
3,6,0,0,1,3.31746004712e-06,-0.0017214792245,-1.00570757403e-05
3,6,0,0,2,0,-0.0017214792245,-1.00570757403e-05
3,6,0,1,0,3.31746004712e-06,-8.5834876342e-09,-5.5557817427e-11
3,6,0,1,1,-32.6668871729,-8.5834876342e-09,-5.5557817427e-11
3,6,0,1,2,0,-8.5834876342e-09,-5.5557817427e-11
3,6,0,2,0,0,0,0
3,6,0,2,1,0,0,0
3,6,0,2,2,-24.5001604863,0,0
3,6,1,0,0,-2.92944238366e-09,-8.5834876342e-09,-5.58783355798e-11
3,6,1,0,1,0.028846093839,-8.5834876342e-09,-5.58783355798e-11
3,6,1,0,2,0,-8.5834876342e-09,-5.58783355798e-11
3,6,1,1,0,0.028846093839,-0.250130258804,-0.00189167615668
3,6,1,1,1,3.31746004705e-06,-0.250130258804,-0.00189167615668
3,6,1,1,2,0,-0.250130258804,-0.00189167615668
3,6,1,2,0,0,0,0
3,6,1,2,1,0,0,0
3,6,1,2,2,0.398688558489,0,0
3,6,2,0,0,0,0,0
3,6,2,0,1,0,0,0
3,6,2,0,2,0.0288458976722,0,0
3,6,2,1,0,0,0,0
3,6,2,1,1,0,0,0
3,6,2,1,2,-0.531581235799,0,0
3,6,2,2,0,0.0288458976722,0.236265971001,0.00168752834059
3,6,2,2,1,-0.531581235799,0.236265971001,0.00168752834059
3,6,2,2,2,0,0.236265971001,0.00168752834059
3,7,0,0,0,-0.000993269206201,-0.00172147864664,-9.89798191994e-06
3,7,0,0,1,3.77246580053e-06,-0.00172147864664,-9.89798191994e-06
3,7,0,0,2,0,-0.00172147864664,-9.89798191994e-06
3,7,0,1,0,3.77246580053e-06,-9.76069117892e-09,-6.21991551179e-11
3,7,0,1,1,-32.6667956173,-9.76069117892e-09,-6.21991551179e-11
3,7,0,1,2,0,-9.76069117892e-09,-6.21991551179e-11
3,7,0,2,0,0,0,0
3,7,0,2,1,0,0,0
3,7,0,2,2,-13.497131559,0,0
3,7,1,0,0,-3.3312296305e-09,-9.76069117892e-09,-6.25522803107e-11
3,7,1,0,1,0.028846012992,-9.76069117892e-09,-6.25522803107e-11
3,7,1,0,2,0,-9.76069117892e-09,-6.25522803107e-11
3,7,1,1,0,0.028846012992,-1.17157286487,-0.00850938307091
3,7,1,1,1,3.7724658005e-06,-1.17157286487,-0.00850938307091
3,7,1,1,2,0,-1.17157286487,-0.00850938307091
3,7,1,2,0,0,0,0
3,7,1,2,1,0,0,0
3,7,1,2,2,0.4533705178,0,0
3,7,2,0,0,0,0,0
3,7,2,0,1,0,0,0
3,7,2,0,2,0.0288459049238,0,0
3,7,2,1,0,0,0,0
3,7,2,1,1,0,0,0
3,7,2,1,2,-1.0972780768,0,0
3,7,2,2,0,0.0288459049238,0.510881777035,0.00366162880001
3,7,2,2,1,-1.0972780768,0.510881777035,0.00366162880001
3,7,2,2,2,0,0.510881777035,0.00366162880001
3,8,0,0,0,-0.000993358210626,-0.00172147813847,-9.73885964572e-06
3,8,0,0,1,2.46229610858e-06,-0.00172147813847,-9.73885964572e-06
3,8,0,0,2,0,-0.00172147813847,-9.73885964572e-06
3,8,0,1,0,2.46229610858e-06,-6.37078656496e-09,-3.9951417368e-11
3,8,0,1,1,-32.6667151052,-6.37078656496e-09,-3.9951417368e-11
3,8,0,1,2,0,-6.37078656496e-09,-3.9951417368e-11
3,8,0,2,0,0,0,0
3,8,0,2,1,0,0,0
3,8,0,2,2,-3.82127964292,0,0
3,8,1,0,0,-2.17430036206e-09,-6.37078656496e-09,-4.01745691289e-11
3,8,1,0,1,0.0288459418968,-6.37078656496e-09,-4.01745691289e-11
3,8,1,0,2,0,-6.37078656496e-09,-4.01745691289e-11
3,8,1,1,0,0.0288459418968,-6.3667993743,-0.0452576470981
3,8,1,1,1,2.46229610867e-06,-6.3667993743,-0.0452576470981
3,8,1,1,2,0,-6.3667993743,-0.0452576470981
3,8,1,2,0,0,0,0
3,8,1,2,1,0,0,0
3,8,1,2,2,0.295915795557,0,0
3,8,2,0,0,0,0,0
3,8,2,0,1,0,0,0
3,8,2,0,2,0.0288459113007,0,0
3,8,2,1,0,0,0,0
3,8,2,1,1,0,0,0
3,8,2,1,2,-2.52967268528,0,0
3,8,2,2,0,0.0288459113007,0.752367345018,0.00533456620066
3,8,2,2,1,-2.52967268528,0.752367345018,0.00533456620066
3,8,2,2,2,0,0.752367345018,0.00533456620066
3,9,0,0,0,0,0,0
3,9,0,0,1,0,0,0
3,9,0,0,2,0,0,0
3,9,0,1,0,0,0,0
3,9,0,1,1,0,0,0
3,9,0,1,2,0,0,0
3,9,0,2,0,0,0,0
3,9,0,2,1,0,0,0
3,9,0,2,2,0,0,0
3,9,1,0,0,0,0,0
3,9,1,0,1,0,0,0
3,9,1,0,2,0,0,0
3,9,1,1,0,0,0,0
3,9,1,1,1,0,0,0
3,9,1,1,2,0,0,0
3,9,1,2,0,0,0,0
3,9,1,2,1,0,0,0
3,9,1,2,2,0,0,0
3,9,2,0,0,0,0,0
3,9,2,0,1,0,0,0
3,9,2,0,2,0,0,0
3,9,2,1,0,0,0,0
3,9,2,1,1,0,0,0
3,9,2,1,2,0,0,0
3,9,2,2,0,0,0,0
3,9,2,2,1,0,0,0
3,9,2,2,2,0,0,0
4,0,0,0,0,0,0,0
4,0,0,0,1,0,0,0
4,0,0,0,2,0,0,0
4,0,0,1,0,0,0,0
4,0,0,1,1,0,0,0
4,0,0,1,2,0,0,0
4,0,0,2,0,0,0,0
4,0,0,2,1,0,0,0
4,0,0,2,2,0,0,0
4,0,1,0,0,0,0,0
4,0,1,0,1,0,0,0
4,0,1,0,2,0,0,0
4,0,1,1,0,0,0,0
4,0,1,1,1,0,0,0
4,0,1,1,2,0,0,0
4,0,1,2,0,0,0,0
4,0,1,2,1,0,0,0
4,0,1,2,2,0,0,0
4,0,2,0,0,0,0,0
4,0,2,0,1,0,0,0
4,0,2,0,2,0,0,0
4,0,2,1,0,0,0,0
4,0,2,1,1,0,0,0
4,0,2,1,2,0,0,0
4,0,2,2,0,0,0,0
4,0,2,2,1,0,0,0
4,0,2,2,2,0,0,0
4,1,0,0,0,-0.00053755774539,-0.000987301466277,-5.41664350311e-06
4,1,0,0,1,-1.42588039078e-06,-0.000987301466277,-5.41664350311e-06
4,1,0,0,2,0,-0.000987301466277,-5.41664350311e-06
4,1,0,1,0,-1.42588039078e-06,2.10281880797e-09,1.28465838007e-11
4,1,0,1,1,-43.5555897433,2.10281880797e-09,1.28465838007e-11
4,1,0,1,2,0,2.10281880797e-09,1.28465838007e-11
4,1,0,2,0,0,0,0
4,1,0,2,1,0,0,0
4,1,0,2,2,-5.09503605997,0,0
4,1,1,0,0,7.18614544395e-10,2.10281880797e-09,1.2916336493e-11
4,1,1,0,1,0.0219511261124,2.10281880797e-09,1.2916336493e-11
4,1,1,0,2,0,2.10281880797e-09,1.2916336493e-11
4,1,1,1,0,0.0219511261124,-6.37583226402,-0.0434215920691
4,1,1,1,1,-1.42588039082e-06,-6.37583226402,-0.0434215920691
4,1,1,1,2,0,-6.37583226402,-0.0434215920691
4,1,1,2,0,0,0,0
4,1,1,2,1,0,0,0
4,1,1,2,2,-0.29591564149,0,0
4,1,2,0,0,0,0,0
4,1,2,0,1,0,0,0
4,1,2,0,2,0.0219511129082,0,0
4,1,2,1,0,0,0,0
4,1,2,1,1,0,0,0
4,1,2,1,2,2.52967248409,0,0
4,1,2,2,0,0.0219511129082,0.75130930859,0.00510888825839
4,1,2,2,1,2.52967248409,0.75130930859,0.00510888825839
4,1,2,2,2,-0,0.75130930859,0.00510888825839
4,2,0,0,0,-0.000537522255737,-0.000987301816722,-5.32357051815e-06
4,2,0,0,1,-2.18457861767e-06,-0.000987301816722,-5.32357051815e-06
4,2,0,0,2,0,-0.000987301816722,-5.32357051815e-06
4,2,0,1,0,-2.18457861767e-06,3.22171992209e-09,1.93483619721e-11
4,2,0,1,1,-43.5556519077,3.22171992209e-09,1.93483619721e-11
4,2,0,1,2,0,3.22171992209e-09,1.93483619721e-11
4,2,0,2,0,0,0,0
4,2,0,2,1,0,0,0
4,2,0,2,2,-17.9961453293,0,0
4,2,1,0,0,1.10098292829e-09,3.22171992209e-09,1.94516028046e-11
4,2,1,0,1,0.0219511574421,3.22171992209e-09,1.94516028046e-11
4,2,1,0,2,0,3.22171992209e-09,1.94516028046e-11
4,2,1,1,0,0.0219511574421,-1.18060711784,-0.00793025566882
4,2,1,1,1,-2.18457861779e-06,-1.18060711784,-0.00793025566882
4,2,1,1,2,0,-1.18060711784,-0.00793025566882
4,2,1,2,0,0,0,0
4,2,1,2,1,0,0,0
4,2,1,2,2,-0.453369756182,0,0
4,2,2,0,0,0,0,0
4,2,2,0,1,0,0,0
4,2,2,0,2,0.0219511108033,0,0
4,2,2,1,0,0,0,0
4,2,2,1,1,0,0,0
4,2,2,1,2,1.09727794309,0,0
4,2,2,2,0,0.0219511108033,0.507147103683,0.00337945419682
4,2,2,2,1,1.09727794309,0.507147103683,0.00337945419682
4,2,2,2,2,-0,0.507147103683,0.00337945419682
4,3,0,0,0,-0.000537481898269,-0.000987302215233,-5.23048029295e-06
4,3,0,0,1,-1.92108931359e-06,-0.000987302215233,-5.23048029295e-06
4,3,0,0,2,0,-0.000987302215233,-5.23048029295e-06
4,3,0,1,0,-1.92108931359e-06,2.83314752908e-09,1.67236800588e-11
4,3,0,1,1,-43.5557225988,2.83314752908e-09,1.67236800588e-11
4,3,0,1,2,0,2.83314752908e-09,1.67236800588e-11
4,3,0,2,0,0,0,0
4,3,0,2,1,0,0,0
4,3,0,2,2,-32.6667892006,0,0
4,3,1,0,0,9.6818970985e-10,2.83314752908e-09,1.68113477381e-11
4,3,1,0,1,0.0219511930689,2.83314752908e-09,1.68113477381e-11
4,3,1,0,2,0,2.83314752908e-09,1.68113477381e-11
4,3,1,1,0,0.0219511930689,-0.259165435556,-0.00173548337431
4,3,1,1,1,-1.92108931349e-06,-0.259165435556,-0.00173548337431
4,3,1,1,2,0,-0.259165435556,-0.00173548337431
4,3,1,2,0,0,0,0
4,3,1,2,1,0,0,0
4,3,1,2,2,-0.398687363156,0,0
4,3,2,0,0,0,0,0
4,3,2,0,1,0,0,0
4,3,2,0,2,0.0219511084098,0,0
4,3,2,1,0,0,0,0
4,3,2,1,1,0,0,0
4,3,2,1,2,0.531581145445,0,0
4,3,2,2,0,0.0219511084098,0.229491259337,0.00148510656943
4,3,2,2,1,0.531581145445,0.229491259337,0.00148510656943
4,3,2,2,2,-0,0.229491259337,0.00148510656943
4,4,0,0,0,-0.000537455556732,-0.000987302475343,-5.1373718908e-06
4,4,0,0,1,-7.58698227055e-07,-0.000987302475343,-5.1373718908e-06
4,4,0,0,2,0,-0.000987302475343,-5.1373718908e-06
4,4,0,1,0,-7.58698227055e-07,1.11890110285e-09,6.4893848417e-12
4,4,0,1,1,-43.5557687392,1.11890110285e-09,6.4893848417e-12
4,4,0,1,2,0,1.11890110285e-09,6.4893848417e-12
4,4,0,2,0,0,0,0
4,4,0,2,1,0,0,0
4,4,0,2,2,-42.2423970121,0,0
4,4,1,0,0,3.82368383979e-10,1.11890110285e-09,6.52279455938e-12
4,4,1,0,1,0.0219512163227,1.11890110285e-09,6.52279455938e-12
4,4,1,0,2,0,1.11890110285e-09,6.52279455938e-12
4,4,1,1,0,0.0219512163227,-0.00294318506295,-5.00490399822e-05
4,4,1,1,1,-7.58698226978e-07,-0.00294318506295,-5.00490399822e-05
4,4,1,1,2,0,-0.00294318506295,-5.00490399822e-05
4,4,1,2,0,0,0,0
4,4,1,2,1,0,0,0
4,4,1,2,2,-0.157454114695,0,0
4,4,2,0,0,0,0,0
4,4,2,0,1,0,0,0
4,4,2,0,2,0.0219511068475,0,0
4,4,2,1,0,0,0,0
4,4,2,1,1,0,0,0
4,4,2,1,2,0.162348760708,0,0
4,4,2,2,0,0.0219511068475,0.0482615058173,0.000281637585658
4,4,2,2,1,0.162348760708,0.0482615058173,0.000281637585658
4,4,2,2,2,-0,0.0482615058173,0.000281637585658
4,5,0,0,0,-0.000537455556732,-0.000987302475343,-5.04424476798e-06
4,5,0,0,1,7.58698227055e-07,-0.000987302475343,-5.04424476798e-06
4,5,0,0,2,0,-0.000987302475343,-5.04424476798e-06
4,5,0,1,0,7.58698227055e-07,-1.11890110285e-09,-6.37409786966e-12
4,5,0,1,1,-43.5557687392,-1.11890110285e-09,-6.37409786966e-12
4,5,0,1,2,0,-1.11890110285e-09,-6.37409786966e-12
4,5,0,2,0,0,0,0
4,5,0,2,1,0,0,0
4,5,0,2,2,-42.2423970121,0,0
4,5,1,0,0,-3.82368383979e-10,-1.11890110285e-09,-6.40631638889e-12
4,5,1,0,1,0.0219512163227,-1.11890110285e-09,-6.40631638889e-12
4,5,1,0,2,0,-1.11890110285e-09,-6.40631638889e-12
4,5,1,1,0,0.0219512163227,-0.00294318506295,-4.91552711062e-05
4,5,1,1,1,7.58698226978e-07,-0.00294318506295,-4.91552711062e-05
4,5,1,1,2,0,-0.00294318506295,-4.91552711062e-05
4,5,1,2,0,0,0,0
4,5,1,2,1,0,0,0
4,5,1,2,2,0.157454114695,0,0
4,5,2,0,0,0,0,0
4,5,2,0,1,0,0,0
4,5,2,0,2,0.0219511068475,0,0
4,5,2,1,0,0,0,0
4,5,2,1,1,0,0,0
4,5,2,1,2,-0.162348760708,0,0
4,5,2,2,0,0.0219511068475,0.0482615058173,0.000276608356578
4,5,2,2,1,-0.162348760708,0.0482615058173,0.000276608356578
4,5,2,2,2,0,0.0482615058173,0.000276608356578
4,6,0,0,0,-0.000537481898269,-0.000987302215233,-4.95109900614e-06
4,6,0,0,1,1.92108931359e-06,-0.000987302215233,-4.95109900614e-06
4,6,0,0,2,0,-0.000987302215233,-4.95109900614e-06
4,6,0,1,0,1.92108931359e-06,-2.83314752735e-09,-1.58468154529e-11
4,6,0,1,1,-43.5557225988,-2.83314752735e-09,-1.58468154529e-11
4,6,0,1,2,0,-2.83314752735e-09,-1.58468154529e-11
4,6,0,2,0,0,0,0
4,6,0,2,1,0,0,0
4,6,0,2,2,-32.6667892006,0,0
4,6,1,0,0,-9.6818970985e-10,-2.83314752735e-09,-1.59254289308e-11
4,6,1,0,1,0.0219511930689,-2.83314752735e-09,-1.59254289308e-11
4,6,1,0,2,0,-2.83314752735e-09,-1.59254289308e-11
4,6,1,1,0,0.0219511930689,-0.259165435556,-0.00164414228204
4,6,1,1,1,1.92108931349e-06,-0.259165435556,-0.00164414228204
4,6,1,1,2,0,-0.259165435556,-0.00164414228204
4,6,1,2,0,0,0,0
4,6,1,2,1,0,0,0
4,6,1,2,2,0.398687363156,0,0
4,6,2,0,0,0,0,0
4,6,2,0,1,0,0,0
4,6,2,0,2,0.0219511084098,0,0
4,6,2,1,0,0,0,0
4,6,2,1,1,0,0,0
4,6,2,1,2,-0.531581145445,0,0
4,6,2,2,0,0.0219511084098,0.229491259337,0.00140694333228
4,6,2,2,1,-0.531581145445,0.229491259337,0.00140694333228
4,6,2,2,2,0,0.229491259337,0.00140694333228
4,7,0,0,0,-0.000537522255737,-0.000987301816722,-4.85793524571e-06
4,7,0,0,1,2.18457861767e-06,-0.000987301816722,-4.85793524571e-06
4,7,0,0,2,0,-0.000987301816722,-4.85793524571e-06
4,7,0,1,0,2.18457861767e-06,-3.22171991515e-09,-1.76886527297e-11
4,7,0,1,1,-43.5556519077,-3.22171991515e-09,-1.76886527297e-11
4,7,0,1,2,0,-3.22171991515e-09,-1.76886527297e-11
4,7,0,2,0,0,0,0
4,7,0,2,1,0,0,0
4,7,0,2,2,-17.9961453293,0,0
4,7,1,0,0,-1.10098292829e-09,-3.22171991515e-09,-1.777474478e-11
4,7,1,0,1,0.0219511574421,-3.22171991515e-09,-1.777474478e-11
4,7,1,0,2,0,-3.22171991515e-09,-1.777474478e-11
4,7,1,1,0,0.0219511574421,-1.18060711784,-0.0072466145475
4,7,1,1,1,2.18457861779e-06,-1.18060711784,-0.0072466145475
4,7,1,1,2,0,-1.18060711784,-0.0072466145475
4,7,1,2,0,0,0,0
4,7,1,2,1,0,0,0
4,7,1,2,2,0.453369756182,0,0
4,7,2,0,0,0,0,0
4,7,2,0,1,0,0,0
4,7,2,0,2,0.0219511108033,0,0
4,7,2,1,0,0,0,0
4,7,2,1,1,0,0,0
4,7,2,1,2,-1.09727794309,0,0
4,7,2,2,0,0.0219511108033,0.507147103683,0.00308812370391
4,7,2,2,1,-1.09727794309,0.507147103683,0.00308812370391
4,7,2,2,2,0,0.507147103683,0.00308812370391
4,8,0,0,0,-0.00053755774539,-0.000987301466277,-4.76475436555e-06
4,8,0,0,1,1.42588039078e-06,-0.000987301466277,-4.76475436555e-06
4,8,0,0,2,0,-0.000987301466277,-4.76475436555e-06
4,8,0,1,0,1.42588039078e-06,-2.10281879409e-09,-1.13298130049e-11
4,8,0,1,1,-43.5555897433,-2.10281879409e-09,-1.13298130049e-11
4,8,0,1,2,0,-2.10281879409e-09,-1.13298130049e-11
4,8,0,2,0,0,0,0
4,8,0,2,1,0,0,0
4,8,0,2,2,-5.09503605997,0,0
4,8,1,0,0,-7.18614544395e-10,-2.10281879409e-09,-1.13838938866e-11
4,8,1,0,1,0.0219511261124,-2.10281879409e-09,-1.13838938866e-11
4,8,1,0,2,0,-2.10281879409e-09,-1.13838938866e-11
4,8,1,1,0,0.0219511261124,-6.37583226402,-0.0382698903839
4,8,1,1,1,1.42588039082e-06,-6.37583226402,-0.0382698903839
4,8,1,1,2,0,-6.37583226402,-0.0382698903839
4,8,1,2,0,0,0,0
4,8,1,2,1,0,0,0
4,8,1,2,2,0.29591564149,0,0
4,8,2,0,0,0,0,0
4,8,2,0,1,0,0,0
4,8,2,0,2,0.0219511129082,0,0
4,8,2,1,0,0,0,0
4,8,2,1,1,0,0,0
4,8,2,1,2,-2.52967248409,0,0
4,8,2,2,0,0.0219511129082,0.75130930859,0.00450276167817
4,8,2,2,1,-2.52967248409,0.75130930859,0.00450276167817
4,8,2,2,2,0,0.75130930859,0.00450276167817
4,9,0,0,0,0,0,0
4,9,0,0,1,0,0,0
4,9,0,0,2,0,0,0
4,9,0,1,0,0,0,0
4,9,0,1,1,0,0,0
4,9,0,1,2,0,0,0
4,9,0,2,0,0,0,0
4,9,0,2,1,0,0,0
4,9,0,2,2,0,0,0
4,9,1,0,0,0,0,0
4,9,1,0,1,0,0,0
4,9,1,0,2,0,0,0
4,9,1,1,0,0,0,0
4,9,1,1,1,0,0,0
4,9,1,1,2,0,0,0
4,9,1,2,0,0,0,0
4,9,1,2,1,0,0,0
4,9,1,2,2,0,0,0
4,9,2,0,0,0,0,0
4,9,2,0,1,0,0,0
4,9,2,0,2,0,0,0
4,9,2,1,0,0,0,0
4,9,2,1,1,0,0,0
4,9,2,1,2,0,0,0
4,9,2,2,0,0,0,0
4,9,2,2,1,0,0,0
4,9,2,2,2,0,0,0
5,0,0,0,0,0,0,0
5,0,0,0,1,0,0,0
5,0,0,0,2,0,0,0
5,0,0,1,0,0,0,0
5,0,0,1,1,0,0,0
5,0,0,1,2,0,0,0
5,0,0,2,0,0,0,0
5,0,0,2,1,0,0,0
5,0,0,2,2,0,0,0
5,0,1,0,0,0,0,0
5,0,1,0,1,0,0,0
5,0,1,0,2,0,0,0
5,0,1,1,0,0,0,0
5,0,1,1,1,0,0,0
5,0,1,1,2,0,0,0
5,0,1,2,0,0,0,0
5,0,1,2,1,0,0,0
5,0,1,2,2,0,0,0
5,0,2,0,0,0,0,0
5,0,2,0,1,0,0,0
5,0,2,0,2,0,0,0
5,0,2,1,0,0,0,0
5,0,2,1,1,0,0,0
5,0,2,1,2,0,0,0
5,0,2,2,0,0,0,0
5,0,2,2,1,0,0,0
5,0,2,2,2,0,0,0
5,1,0,0,0,-0.000338953738488,-0.000639756904547,-2.93553901686e-06
5,1,0,0,1,-9.2880389829e-07,-0.000639756904547,-2.93553901686e-06
5,1,0,0,2,0,-0.000639756904547,-2.93553901686e-06
5,1,0,1,0,-9.2880389829e-07,8.85849865684e-10,4.54837197546e-12
5,1,0,1,1,-54.444470712,8.85849865684e-10,4.54837197546e-12
5,1,0,1,2,0,8.85849865684e-10,4.54837197546e-12
5,1,0,2,0,0,0,0
5,1,0,2,1,0,0,0
5,1,0,2,2,-6.36879318923,0,0
5,1,1,0,0,3.02237148278e-10,8.85849865684e-10,4.56908003716e-12
5,1,1,0,1,0.0177164863302,8.85849865684e-10,4.56908003716e-12
5,1,1,0,2,0,8.85849865684e-10,4.56908003716e-12
5,1,1,1,0,0.0177164863302,-6.38079031588,-0.0362417860647
5,1,1,1,1,-9.28803898371e-07,-6.38079031588,-0.0362417860647
5,1,1,1,2,0,-6.38079031588,-0.0362417860647
5,1,1,2,0,0,0,0
5,1,1,2,1,0,0,0
5,1,1,2,2,-0.295915571076,0,0
5,1,2,0,0,0,0,0
5,1,2,0,1,0,0,0
5,1,2,0,2,0.0177164794752,0,0
5,1,2,1,0,0,0,0
5,1,2,1,1,0,0,0
5,1,2,1,2,2.52967240891,0,0
5,1,2,2,0,0.0177164794752,0.750728687817,0.00425938551783
5,1,2,2,1,2.52967240891,0.750728687817,0.00425938551783
5,1,2,2,2,-0,0.750728687817,0.00425938551783
5,2,0,0,0,-0.000338935905963,-0.000639757086625,-2.87448733132e-06
5,2,0,0,1,-1.4230114532e-06,-0.000639757086625,-2.87448733132e-06
5,2,0,0,2,0,-0.000639757086625,-2.87448733132e-06
5,2,0,1,0,-1.4230114532e-06,1.35720467156e-09,6.83143613501e-12
5,2,0,1,1,-54.4445213286,1.35720467156e-09,6.83143613501e-12
5,2,0,1,2,0,1.35720467156e-09,6.83143613501e-12
5,2,0,2,0,0,0,0
5,2,0,2,1,0,0,0
5,2,0,2,2,-22.4951641711,0,0
5,2,1,0,0,4.63054606441e-10,1.35720467156e-09,6.86188974777e-12
5,2,1,0,1,0.0177165028011,1.35720467156e-09,6.86188974777e-12
5,2,1,0,2,0,1.35720467156e-09,6.86188974777e-12
5,2,1,1,0,0.0177165028011,-1.18556581479,-0.00661193999672
5,2,1,1,1,-1.42301145314e-06,-1.18556581479,-0.00661193999672
5,2,1,1,2,0,-1.18556581479,-0.00661193999672
5,2,1,2,0,0,0,0
5,2,1,2,1,0,0,0
5,2,1,2,2,-0.453369402085,0,0
5,2,2,0,0,0,0,0
5,2,2,0,1,0,0,0
5,2,2,0,2,0.0177164785885,0,0
5,2,2,1,0,0,0,0
5,2,2,1,1,0,0,0
5,2,2,1,2,1.09727789313,0,0
5,2,2,2,0,0.0177164785885,0.505097386813,0.0028009066106
5,2,2,2,1,1.09727789313,0.505097386813,0.0028009066106
5,2,2,2,2,-0,0.505097386813,0.0028009066106
5,3,0,0,0,-0.000338915627525,-0.000639757293678,-2.81342413731e-06
5,3,0,0,1,-1.25137659354e-06,-0.000639757293678,-2.81342413731e-06
5,3,0,0,2,0,-0.000639757293678,-2.81342413731e-06
5,3,0,1,0,-1.25137659354e-06,1.19350968344e-09,5.88149159508e-12
5,3,0,1,1,-54.4445788877,1.19350968344e-09,5.88149159508e-12
5,3,0,1,2,0,1.19350968344e-09,5.88149159508e-12
5,3,0,2,0,0,0,0
5,3,0,2,1,0,0,0
5,3,0,2,2,-40.833432397,0,0
5,3,1,0,0,4.07203817458e-10,1.19350968344e-09,5.90715185371e-12
5,3,1,0,1,0.0177165215311,1.19350968344e-09,5.90715185371e-12
5,3,1,0,2,0,1.19350968344e-09,5.90715185371e-12
5,3,1,1,0,0.0177165215311,-0.264124631997,-0.00145688329166
5,3,1,1,1,-1.25137659346e-06,-0.264124631997,-0.00145688329166
5,3,1,1,2,0,-0.264124631997,-0.00145688329166
5,3,1,2,0,0,0,0
5,3,1,2,1,0,0,0
5,3,1,2,2,-0.39868680555,0,0
5,3,2,0,0,0,0,0
5,3,2,0,1,0,0,0
5,3,2,0,2,0.0177164775802,0,0
5,3,2,1,0,0,0,0
5,3,2,1,1,0,0,0
5,3,2,1,2,0.531581111683,0,0
5,3,2,2,0,0.0177164775802,0.225772666819,0.0012153192893
5,3,2,2,1,0.531581111683,0.225772666819,0.0012153192893
5,3,2,2,2,-0,0.225772666819,0.0012153192893
5,4,0,0,0,-0.000338902391691,-0.000639757428821,-2.75234905212e-06
5,4,0,0,1,-4.94207554762e-07,-0.000639757428821,-2.75234905212e-06
5,4,0,0,2,0,-0.000639757428821,-2.75234905212e-06
5,4,0,1,0,-4.94207554762e-07,4.71354798508e-10,2.27370163926e-12
5,4,0,1,1,-54.4446164569,4.71354798508e-10,2.27370163926e-12
5,4,0,1,2,0,4.71354798508e-10,2.27370163926e-12
5,4,0,2,0,0,0,0
5,4,0,2,1,0,0,0
5,4,0,2,2,-52.8029074337,0,0
5,4,1,0,0,1.60817458113e-10,4.71354798508e-10,2.283405584e-12
5,4,1,0,1,0.0177165337563,4.71354798508e-10,2.283405584e-12
5,4,1,0,2,0,4.71354798508e-10,2.283405584e-12
5,4,1,1,0,0.0177165337563,-0.00790269131916,-6.0424252793e-05
5,4,1,1,1,-4.94207554774e-07,-0.00790269131916,-6.0424252793e-05
5,4,1,1,2,0,-0.00790269131916,-6.0424252793e-05
5,4,1,2,0,0,0,0
5,4,1,2,1,0,0,0
5,4,1,2,2,-0.15745383101,0,0
5,4,2,0,0,0,0,0
5,4,2,0,1,0,0,0
5,4,2,0,2,0.017716476922,0,0
5,4,2,1,0,0,0,0
5,4,2,1,1,0,0,0
5,4,2,1,2,0.162348748492,0,0
5,4,2,2,0,0.017716476922,0.0434546186426,0.000213827205579
5,4,2,2,1,0.162348748492,0.0434546186426,0.000213827205579
5,4,2,2,2,-0,0.0434546186426,0.000213827205579
5,5,0,0,0,-0.000338902391691,-0.000639757428821,-2.69126185968e-06
5,5,0,0,1,4.94207554762e-07,-0.000639757428821,-2.69126185968e-06
5,5,0,0,2,0,-0.000639757428821,-2.69126185968e-06
5,5,0,1,0,4.94207554762e-07,-4.71354798508e-10,-2.22448378165e-12
5,5,0,1,1,-54.4446164569,-4.71354798508e-10,-2.22448378165e-12
5,5,0,1,2,0,-4.71354798508e-10,-2.22448378165e-12
5,5,0,2,0,0,0,0
5,5,0,2,1,0,0,0
5,5,0,2,2,-52.8029074337,0,0
5,5,1,0,0,-1.60817458113e-10,-4.71354798508e-10,-2.23376640139e-12
5,5,1,0,1,0.0177165337563,-4.71354798508e-10,-2.23376640139e-12
5,5,1,0,2,0,-4.71354798508e-10,-2.23376640139e-12
5,5,1,1,0,0.0177165337563,-0.00790269131916,-5.91106633239e-05
5,5,1,1,1,4.94207554774e-07,-0.00790269131916,-5.91106633239e-05
5,5,1,1,2,0,-0.00790269131916,-5.91106633239e-05
5,5,1,2,0,0,0,0
5,5,1,2,1,0,0,0
5,5,1,2,2,0.15745383101,0,0
5,5,2,0,0,0,0,0
5,5,2,0,1,0,0,0
5,5,2,0,2,0.017716476922,0,0
5,5,2,1,0,0,0,0
5,5,2,1,1,0,0,0
5,5,2,1,2,-0.162348748492,0,0
5,5,2,2,0,0.017716476922,0.0434546186426,0.000209178794748
5,5,2,2,1,-0.162348748492,0.0434546186426,0.000209178794748
5,5,2,2,2,0,0.0434546186426,0.000209178794748
5,6,0,0,0,-0.000338915627525,-0.000639757293678,-2.63016259986e-06
5,6,0,0,1,1.25137659354e-06,-0.000639757293678,-2.63016259986e-06
5,6,0,0,2,0,-0.000639757293678,-2.63016259986e-06
5,6,0,1,0,1.25137659354e-06,-1.19350968518e-09,-5.50882240744e-12
5,6,0,1,1,-54.4445788877,-1.19350968518e-09,-5.50882240744e-12
5,6,0,1,2,0,-1.19350968518e-09,-5.50882240744e-12
5,6,0,2,0,0,0,0
5,6,0,2,1,0,0,0
5,6,0,2,2,-40.833432397,0,0
5,6,1,0,0,-4.07203817458e-10,-1.19350968518e-09,-5.53128717275e-12
5,6,1,0,1,0.0177165215311,-1.19350968518e-09,-5.53128717275e-12
5,6,1,0,2,0,-1.19350968518e-09,-5.53128717275e-12
5,6,1,1,0,0.0177165215311,-0.264124631997,-0.00136389081629
5,6,1,1,1,1.25137659346e-06,-0.264124631997,-0.00136389081629
5,6,1,1,2,0,-0.264124631997,-0.00136389081629
5,6,1,2,0,0,0,0
5,6,1,2,1,0,0,0
5,6,1,2,2,0.39868680555,0,0
5,6,2,0,0,0,0,0
5,6,2,0,1,0,0,0
5,6,2,0,2,0.0177164775802,0,0
5,6,2,1,0,0,0,0
5,6,2,1,1,0,0,0
5,6,2,1,2,-0.531581111683,0,0
5,6,2,2,0,0.0177164775802,0.225772666819,0.0011377458584
5,6,2,2,1,-0.531581111683,0.225772666819,0.0011377458584
5,6,2,2,2,0,0.225772666819,0.0011377458584
5,7,0,0,0,-0.000338935905963,-0.000639757086625,-2.569051536e-06
5,7,0,0,1,1.4230114532e-06,-0.000639757086625,-2.569051536e-06
5,7,0,0,2,0,-0.000639757086625,-2.569051536e-06
5,7,0,1,0,1.4230114532e-06,-1.35720467156e-09,-6.1227237957e-12
5,7,0,1,1,-54.4445213286,-1.35720467156e-09,-6.1227237957e-12
5,7,0,1,2,0,-1.35720467156e-09,-6.1227237957e-12
5,7,0,2,0,0,0,0
5,7,0,2,1,0,0,0
5,7,0,2,2,-22.4951641711,0,0
5,7,1,0,0,-4.63054606441e-10,-1.35720467156e-09,-6.14711057672e-12
5,7,1,0,1,0.0177165028011,-1.35720467156e-09,-6.14711057672e-12
5,7,1,0,2,0,-1.35720467156e-09,-6.14711057672e-12
5,7,1,1,0,0.0177165028011,-1.18556581479,-0.00592319710576
5,7,1,1,1,1.42301145314e-06,-1.18556581479,-0.00592319710576
5,7,1,1,2,0,-1.18556581479,-0.00592319710576
5,7,1,2,0,0,0,0
5,7,1,2,1,0,0,0
5,7,1,2,2,0.453369402085,0,0
5,7,2,0,0,0,0,0
5,7,2,0,1,0,0,0
5,7,2,0,2,0.0177164785885,0,0
5,7,2,1,0,0,0,0
5,7,2,1,1,0,0,0
5,7,2,1,2,-1.09727789313,0,0
5,7,2,2,0,0.0177164785885,0.505097386813,0.00250914644337
5,7,2,2,1,-1.09727789313,0.505097386813,0.00250914644337
5,7,2,2,2,0,0.505097386813,0.00250914644337
5,8,0,0,0,-0.000338953738488,-0.000639756904547,-2.5079290205e-06
5,8,0,0,1,9.2880389829e-07,-0.000639756904547,-2.5079290205e-06
5,8,0,0,2,0,-0.000639756904547,-2.5079290205e-06
5,8,0,1,0,9.2880389829e-07,-8.85849872623e-10,-3.9011873813e-12
5,8,0,1,1,-54.444470712,-8.85849872623e-10,-3.9011873813e-12
5,8,0,1,2,0,-8.85849872623e-10,-3.9011873813e-12
5,8,0,2,0,0,0,0
5,8,0,2,1,0,0,0
5,8,0,2,2,-6.36879318923,0,0
5,8,1,0,0,-3.02237148278e-10,-8.85849872623e-10,-3.91635533879e-12
5,8,1,0,1,0.0177164863302,-8.85849872623e-10,-3.91635533879e-12
5,8,1,0,2,0,-8.85849872623e-10,-3.91635533879e-12
5,8,1,1,0,0.0177164863302,-6.38079031588,-0.0310643947522
5,8,1,1,1,9.28803898371e-07,-6.38079031588,-0.0310643947522
5,8,1,1,2,0,-6.38079031588,-0.0310643947522
5,8,1,2,0,0,0,0
5,8,1,2,1,0,0,0
5,8,1,2,2,0.295915571076,0,0
5,8,2,0,0,0,0,0
5,8,2,0,1,0,0,0
5,8,2,0,2,0.0177164794752,0,0
5,8,2,1,0,0,0,0
5,8,2,1,1,0,0,0
5,8,2,1,2,-2.52967240891,0,0
5,8,2,2,0,0.0177164794752,0.750728687817,0.00365090861121
5,8,2,2,1,-2.52967240891,0.750728687817,0.00365090861121
5,8,2,2,2,0,0.750728687817,0.00365090861121
5,9,0,0,0,0,0,0
5,9,0,0,1,0,0,0
5,9,0,0,2,0,0,0
5,9,0,1,0,0,0,0
5,9,0,1,1,0,0,0
5,9,0,1,2,0,0,0
5,9,0,2,0,0,0,0
5,9,0,2,1,0,0,0
5,9,0,2,2,0,0,0
5,9,1,0,0,0,0,0
5,9,1,0,1,0,0,0
5,9,1,0,2,0,0,0
5,9,1,1,0,0,0,0
5,9,1,1,1,0,0,0
5,9,1,1,2,0,0,0
5,9,1,2,0,0,0,0
5,9,1,2,1,0,0,0
5,9,1,2,2,0,0,0
5,9,2,0,0,0,0,0
5,9,2,0,1,0,0,0
5,9,2,0,2,0,0,0
5,9,2,1,0,0,0,0
5,9,2,1,1,0,0,0
5,9,2,1,2,0,0,0
5,9,2,2,0,0,0,0
5,9,2,2,1,0,0,0
5,9,2,2,2,0,0,0
6,0,0,0,0,0,0,0
6,0,0,0,1,0,0,0
6,0,0,0,2,0,0,0
6,0,0,1,0,0,0,0
6,0,0,1,1,0,0,0
6,0,0,1,2,0,0,0
6,0,0,2,0,0,0,0
6,0,0,2,1,0,0,0
6,0,0,2,2,0,0,0
6,0,1,0,0,0,0,0
6,0,1,0,1,0,0,0
6,0,1,0,2,0,0,0
6,0,1,1,0,0,0,0
6,0,1,1,1,0,0,0
6,0,1,1,2,0,0,0
6,0,1,2,0,0,0,0
6,0,1,2,1,0,0,0
6,0,1,2,2,0,0,0
6,0,2,0,0,0,0,0
6,0,2,0,1,0,0,0
6,0,2,0,2,0,0,0
6,0,2,1,0,0,0,0
6,0,2,1,1,0,0,0
6,0,2,1,2,0,0,0
6,0,2,2,0,0,0,0
6,0,2,2,1,0,0,0
6,0,2,2,2,0,0,0
6,1,0,0,0,-0.000233807753226,-0.00044807577992,-1.63698813029e-06
6,1,0,0,1,-6.52689406115e-07,-0.00044807577992,-1.63698813029e-06
6,1,0,0,2,0,-0.00044807577992,-1.63698813029e-06
6,1,0,1,0,-6.52689406115e-07,4.35748562233e-10,1.80103013623e-12
6,1,0,1,1,-65.3333546015,4.35748562233e-10,1.80103013623e-12
6,1,0,1,2,0,4.35748562233e-10,1.80103013623e-12
6,1,0,2,0,0,0,0
6,1,0,2,1,0,0,0
6,1,0,2,2,-7.64255064928,0,0
6,1,1,0,0,1.4836813755e-10,4.35748562233e-10,1.80757824626e-12
6,1,1,0,1,0.014851456223,4.35748562233e-10,1.80757824626e-12
6,1,1,0,2,0,4.35748562233e-10,1.80757824626e-12
6,1,1,1,0,0.014851456223,-6.38396826781,-0.0289420773326
6,1,1,1,1,-6.5268940612e-07,-6.38396826781,-0.0289420773326
6,1,1,1,2,0,-6.38396826781,-0.0289420773326
6,1,1,2,0,0,0,0
6,1,1,2,1,0,0,0
6,1,1,2,2,-0.295915533189,0,0
6,1,2,0,0,0,0,0
6,1,2,0,1,0,0,0
6,1,2,0,2,0.0148514522189,0,0
6,1,2,1,0,0,0,0
6,1,2,1,1,0,0,0
6,1,2,1,2,2.52967237467,0,0
6,1,2,2,0,0.0148514522189,0.750356592821,0.00339890833077
6,1,2,2,1,2.52967237467,0.750356592821,0.00339890833077
6,1,2,2,2,-0,0.750356592821,0.00339890833077
6,2,0,0,0,-0.000233797501251,-0.000448075878712,-1.59386348135e-06
6,2,0,0,1,-9.99978838574e-07,-0.000448075878712,-1.59386348135e-06
6,2,0,0,2,0,-0.000448075878712,-1.59386348135e-06
6,2,0,1,0,-9.99978838574e-07,6.67606858684e-10,2.68046032845e-12
6,2,0,1,1,-65.3333972847,6.67606858684e-10,2.68046032845e-12
6,2,0,1,2,0,6.67606858684e-10,2.68046032845e-12
6,2,0,2,0,0,0,0
6,2,0,2,1,0,0,0
6,2,0,2,2,-26.9941855775,0,0
6,2,1,0,0,2.2731332312e-10,6.67606858684e-10,2.68994907761e-12
6,2,1,0,1,0.0148514659257,6.67606858684e-10,2.68994907761e-12
6,2,1,0,2,0,6.67606858684e-10,2.68994907761e-12
6,2,1,1,0,0.0148514659257,-1.18874411303,-0.00526070260477
6,2,1,1,1,-9.99978838537e-07,-1.18874411303,-0.00526070260477
6,2,1,1,2,0,-1.18874411303,-0.00526070260477
6,2,1,2,0,0,0,0
6,2,1,2,1,0,0,0
6,2,1,2,2,-0.453369209335,0,0
6,2,2,0,0,0,0,0
6,2,2,0,1,0,0,0
6,2,2,0,2,0.0148514517827,0,0
6,2,2,1,0,0,0,0
6,2,2,1,1,0,0,0
6,2,2,1,2,1.09727787038,0,0
6,2,2,2,0,0.0148514517827,0.503783698592,0.00221953197877
6,2,2,2,1,1.09727787038,0.503783698592,0.00221953197877
6,2,2,2,2,-0,0.503783698592,0.00221953197877
6,3,0,0,0,-0.000233785843119,-0.000448075991054,-1.5507306068e-06
6,3,0,0,1,-8.79367285723e-07,-0.000448075991054,-1.5507306068e-06
6,3,0,0,2,0,-0.000448075991054,-1.5507306068e-06
6,3,0,1,0,-8.79367285723e-07,5.87084960507e-10,2.29588575138e-12
6,3,0,1,1,-65.3334458222,5.87084960507e-10,2.29588575138e-12
6,3,0,1,2,0,5.87084960507e-10,2.29588575138e-12
6,3,0,2,0,0,0,0
6,3,0,2,1,0,0,0
6,3,0,2,2,-49.0000831305,0,0
6,3,1,0,0,1.99896130048e-10,5.87084960507e-10,2.30379321378e-12
6,3,1,0,1,0.0148514769592,5.87084960507e-10,2.30379321378e-12
6,3,1,0,2,0,5.87084960507e-10,2.30379321378e-12
6,3,1,1,0,0.0148514769592,-0.267303217422,-0.0011607514953
6,3,1,1,1,-8.79367285742e-07,-0.267303217422,-0.0011607514953
6,3,1,1,2,0,-0.267303217422,-0.0011607514953
6,3,1,2,0,0,0,0
6,3,1,2,1,0,0,0
6,3,1,2,2,-0.398686501344,0,0
6,3,2,0,0,0,0,0
6,3,2,0,1,0,0,0
6,3,2,0,2,0.0148514512868,0,0
6,3,2,1,0,0,0,0
6,3,2,1,1,0,0,0
6,3,2,1,2,0.531581096305,0,0
6,3,2,2,0,0.0148514512868,0.223389176448,0.000951749490672
6,3,2,2,1,0.531581096305,0.223389176448,0.000951749490672
6,3,2,2,2,-0,0.223389176448,0.000951749490672
6,4,0,0,0,-0.000233778233804,-0.00044807606438,-1.5075893507e-06
6,4,0,0,1,-3.47289432306e-07,-0.00044807606438,-1.5075893507e-06
6,4,0,0,2,0,-0.00044807606438,-1.5075893507e-06
6,4,0,1,0,-3.47289432306e-07,2.31858307727e-10,8.821429709e-13
6,4,0,1,1,-65.3334775029,2.31858307727e-10,8.821429709e-13
6,4,0,1,2,0,2.31858307727e-10,8.821429709e-13
6,4,0,2,0,0,0,0
6,4,0,2,1,0,0,0
6,4,0,2,2,-63.3634300343,0,0
6,4,1,0,0,7.89451855346e-11,2.31858307727e-10,8.85096748395e-13
6,4,1,0,1,0.0148514841608,2.31858307727e-10,8.85096748395e-13
6,4,1,0,2,0,2.31858307727e-10,8.85096748395e-13
6,4,1,1,0,0.0148514841608,-0.0110814568097,-5.75884731878e-05
6,4,1,1,1,-3.47289432418e-07,-0.0110814568097,-5.75884731878e-05
6,4,1,1,2,0,-0.0110814568097,-5.75884731878e-05
6,4,1,2,0,0,0,0
6,4,1,2,1,0,0,0
6,4,1,2,2,-0.157453676147,0,0
6,4,2,0,0,0,0,0
6,4,2,0,1,0,0,0
6,4,2,0,2,0.014851450963,0,0
6,4,2,1,0,0,0,0
6,4,2,1,1,0,0,0
6,4,2,1,2,0.162348742927,0,0
6,4,2,2,0,0.014851450963,0.0403734029945,0.000157991975695
6,4,2,2,1,0.162348742927,0.0403734029945,0.000157991975695
6,4,2,2,2,-0,0.0403734029945,0.000157991975695
6,5,0,0,0,-0.000233778233804,-0.00044807606438,-1.46443962887e-06
6,5,0,0,1,3.47289432306e-07,-0.00044807606438,-1.46443962887e-06
6,5,0,0,2,0,-0.00044807606438,-1.46443962887e-06
6,5,0,1,0,3.47289432306e-07,-2.31858307293e-10,-8.57720890007e-13
6,5,0,1,1,-65.3334775029,-2.31858307293e-10,-8.57720890007e-13
6,5,0,1,2,0,-2.31858307293e-10,-8.57720890007e-13
6,5,0,2,0,0,0,0
6,5,0,2,1,0,0,0
6,5,0,2,2,-63.3634300343,0,0
6,5,1,0,0,-7.89451855346e-11,-2.31858307293e-10,-8.60510746372e-13
6,5,1,0,1,0.0148514841608,-2.31858307293e-10,-8.60510746372e-13
6,5,1,0,2,0,-2.31858307293e-10,-8.60510746372e-13
6,5,1,1,0,0.0148514841608,-0.0110814568097,-5.5988782122e-05
6,5,1,1,1,3.47289432418e-07,-0.0110814568097,-5.5988782122e-05
6,5,1,1,2,0,-0.0110814568097,-5.5988782122e-05
6,5,1,2,0,0,0,0
6,5,1,2,1,0,0,0
6,5,1,2,2,0.157453676147,0,0
6,5,2,0,0,0,0,0
6,5,2,0,1,0,0,0
6,5,2,0,2,0.014851450963,0,0
6,5,2,1,0,0,0,0
6,5,2,1,1,0,0,0
6,5,2,1,2,-0.162348742927,0,0
6,5,2,2,0,0.014851450963,0.0403734029945,0.000153603313157
6,5,2,2,1,-0.162348742927,0.0403734029945,0.000153603313157
6,5,2,2,2,0,0.0403734029945,0.000153603313157
6,6,0,0,0,-0.000233785843119,-0.000448075991054,-1.42128146253e-06
6,6,0,0,1,8.79367285723e-07,-0.000448075991054,-1.42128146253e-06
6,6,0,0,2,0,-0.000448075991054,-1.42128146253e-06
6,6,0,1,0,8.79367285723e-07,-5.87084958772e-10,-2.11033725095e-12
6,6,0,1,1,-65.3334458222,-5.87084958772e-10,-2.11033725095e-12
6,6,0,1,2,0,-5.87084958772e-10,-2.11033725095e-12
6,6,0,2,0,0,0,0
6,6,0,2,1,0,0,0
6,6,0,2,2,-49.0000831305,0,0
6,6,1,0,0,-1.99896130048e-10,-5.87084958772e-10,-2.11699931374e-12
6,6,1,0,1,0.0148514769592,-5.87084958772e-10,-2.11699931374e-12
6,6,1,0,2,0,-5.87084958772e-10,-2.11699931374e-12
6,6,1,1,0,0.0148514769592,-0.267303217422,-0.0010666365478
6,6,1,1,1,8.79367285742e-07,-0.267303217422,-0.0010666365478
6,6,1,1,2,0,-0.267303217422,-0.0010666365478
6,6,1,2,0,0,0,0
6,6,1,2,1,0,0,0
6,6,1,2,2,0.398686501344,0,0
6,6,2,0,0,0,0,0
6,6,2,0,1,0,0,0
6,6,2,0,2,0.0148514512868,0,0
6,6,2,1,0,0,0,0
6,6,2,1,1,0,0,0
6,6,2,1,2,-0.531581096305,0,0
6,6,2,2,0,0.0148514512868,0.223389176448,0.000874580689274
6,6,2,2,1,-0.531581096305,0.223389176448,0.000874580689274
6,6,2,2,2,0,0.223389176448,0.000874580689274
6,7,0,0,0,-0.000233797501251,-0.000448075878712,-1.37811496048e-06
6,7,0,0,1,9.99978838574e-07,-0.000448075878712,-1.37811496048e-06
6,7,0,0,2,0,-0.000448075878712,-1.37811496048e-06
6,7,0,1,0,9.99978838574e-07,-6.67606855215e-10,-2.33005170289e-12
6,7,0,1,1,-65.3333972847,-6.67606855215e-10,-2.33005170289e-12
6,7,0,1,2,0,-6.67606855215e-10,-2.33005170289e-12
6,7,0,2,0,0,0,0
6,7,0,2,1,0,0,0
6,7,0,2,2,-26.9941855775,0,0
6,7,1,0,0,-2.2731332312e-10,-6.67606855215e-10,-2.33718424457e-12
6,7,1,0,1,0.0148514659257,-6.67606855215e-10,-2.33718424457e-12
6,7,1,0,2,0,-6.67606855215e-10,-2.33718424457e-12
6,7,1,1,0,0.0148514659257,-1.18874411303,-0.00456850535569
6,7,1,1,1,9.99978838537e-07,-1.18874411303,-0.00456850535569
6,7,1,1,2,0,-1.18874411303,-0.00456850535569
6,7,1,2,0,0,0,0
6,7,1,2,1,0,0,0
6,7,1,2,2,0.453369209335,0,0
6,7,2,0,0,0,0,0
6,7,2,0,1,0,0,0
6,7,2,0,2,0.0148514517827,0,0
6,7,2,1,0,0,0,0
6,7,2,1,1,0,0,0
6,7,2,1,2,-1.09727787038,0,0
6,7,2,2,0,0.0148514517827,0.503783698592,0.0019274888049
6,7,2,2,1,-1.09727787038,0.503783698592,0.0019274888049
6,7,2,2,2,0,0.503783698592,0.0019274888049
6,8,0,0,0,-0.000233807753226,-0.00044807577992,-1.3349402618e-06
6,8,0,0,1,6.52689406115e-07,-0.00044807577992,-1.3349402618e-06
6,8,0,0,2,0,-0.00044807577992,-1.3349402618e-06
6,8,0,1,0,6.52689406115e-07,-4.35748555294e-10,-1.47412904411e-12
6,8,0,1,1,-65.3333546015,-4.35748555294e-10,-1.47412904411e-12
6,8,0,1,2,0,-4.35748555294e-10,-1.47412904411e-12
6,8,0,2,0,0,0,0
6,8,0,2,1,0,0,0
6,8,0,2,2,-7.64255064928,0,0
6,8,1,0,0,-1.4836813755e-10,-4.35748555294e-10,-1.47850035688e-12
6,8,1,0,1,0.014851456223,-4.35748555294e-10,-1.47850035688e-12
6,8,1,0,2,0,-4.35748555294e-10,-1.47850035688e-12
6,8,1,1,0,0.014851456223,-6.38396826781,-0.0237473491027
6,8,1,1,1,6.5268940612e-07,-6.38396826781,-0.0237473491027
6,8,1,1,2,0,-6.38396826781,-0.0237473491027
6,8,1,2,0,0,0,0
6,8,1,2,1,0,0,0
6,8,1,2,2,0.295915533189,0,0
6,8,2,0,0,0,0,0
6,8,2,0,1,0,0,0
6,8,2,0,2,0.0148514522189,0,0
6,8,2,1,0,0,0,0
6,8,2,1,1,0,0,0
6,8,2,1,2,-2.52967237467,0,0
6,8,2,2,0,0.0148514522189,0.750356592821,0.00278885148861
6,8,2,2,1,-2.52967237467,0.750356592821,0.00278885148861
6,8,2,2,2,0,0.750356592821,0.00278885148861
6,9,0,0,0,0,0,0
6,9,0,0,1,0,0,0
6,9,0,0,2,0,0,0
6,9,0,1,0,0,0,0
6,9,0,1,1,0,0,0
6,9,0,1,2,0,0,0
6,9,0,2,0,0,0,0
6,9,0,2,1,0,0,0
6,9,0,2,2,0,0,0
6,9,1,0,0,0,0,0
6,9,1,0,1,0,0,0
6,9,1,0,2,0,0,0
6,9,1,1,0,0,0,0
6,9,1,1,1,0,0,0
6,9,1,1,2,0,0,0
6,9,1,2,0,0,0,0
6,9,1,2,1,0,0,0
6,9,1,2,2,0,0,0
6,9,2,0,0,0,0,0
6,9,2,0,1,0,0,0
6,9,2,0,2,0,0,0
6,9,2,1,0,0,0,0
6,9,2,1,1,0,0,0
6,9,2,1,2,0,0,0
6,9,2,2,0,0,0,0
6,9,2,2,1,0,0,0
6,9,2,2,2,0,0,0
7,0,0,0,0,0,0,0
7,0,0,0,1,0,0,0
7,0,0,0,2,0,0,0
7,0,0,1,0,0,0,0
7,0,0,1,1,0,0,0
7,0,0,1,2,0,0,0
7,0,0,2,0,0,0,0
7,0,0,2,1,0,0,0
7,0,0,2,2,0,0,0
7,0,1,0,0,0,0,0
7,0,1,0,1,0,0,0
7,0,1,0,2,0,0,0
7,0,1,1,0,0,0,0
7,0,1,1,1,0,0,0
7,0,1,1,2,0,0,0
7,0,1,2,0,0,0,0
7,0,1,2,1,0,0,0
7,0,1,2,2,0,0,0
7,0,2,0,0,0,0,0
7,0,2,0,1,0,0,0
7,0,2,0,2,0,0,0
7,0,2,1,0,0,0,0
7,0,2,1,1,0,0,0
7,0,2,1,2,0,0,0
7,0,2,2,0,0,0,0
7,0,2,2,1,0,0,0
7,0,2,2,2,0,0,0
7,1,0,0,0,-0.000171212070544,-0.000331242321816,-8.93241290059e-07
7,1,0,0,1,-4.83622739524e-07,-0.000331242321816,-8.93241290059e-07
7,1,0,0,2,0,-0.000331242321816,-8.93241290059e-07
7,1,0,1,0,-4.83622739524e-07,2.38680832043e-10,7.33074536684e-13
7,1,0,1,1,-76.222240063,2.38680832043e-10,7.33074536684e-13
7,1,0,1,2,0,2.38680832043e-10,7.33074536684e-13
7,1,0,2,0,0,0,0
7,1,0,2,1,0,0,0
7,1,0,2,2,-8.91630828811,0,0
7,1,1,0,0,8.11137030367e-11,2.38680832043e-10,7.35050496336e-13
7,1,1,0,1,0.0127840724598,2.38680832043e-10,7.35050496336e-13
7,1,1,0,2,0,2.38680832043e-10,7.35050496336e-13
7,1,1,1,0,0.0127840724598,-6.3861930956,-0.0215727621332
7,1,1,1,1,-4.83622739521e-07,-6.3861930956,-0.0215727621332
7,1,1,1,2,0,-6.3861930956,-0.0215727621332
7,1,1,2,0,0,0,0
7,1,1,2,1,0,0,0
7,1,1,2,2,-0.295915510511,0,0
7,1,2,0,0,0,0,0
7,1,2,0,1,0,0,0
7,1,2,0,2,0.0127840699214,0,0
7,1,2,1,0,0,0,0
7,1,2,1,1,0,0,0
7,1,2,1,2,2.52967235689,0,0
7,1,2,2,0,0.0127840699214,0.750096130109,0.00253208801155
7,1,2,2,1,2.52967235689,0.750096130109,0.00253208801155
7,1,2,2,2,-0,0.750096130109,0.00253208801155
7,2,0,0,0,-0.000171205626562,-0.000331242379025,-8.61152493189e-07
7,2,0,0,1,-7.4095338296e-07,-0.000331242379025,-8.61152493189e-07
7,2,0,0,2,0,-0.000331242379025,-8.61152493189e-07
7,2,0,1,0,-7.4095338296e-07,3.65680801612e-10,1.08837548199e-12
7,2,0,1,1,-76.2222769611,3.65680801612e-10,1.08837548199e-12
7,2,0,1,2,0,3.65680801612e-10,1.08837548199e-12
7,2,0,2,0,0,0,0
7,2,0,2,1,0,0,0
7,2,0,2,2,-31.4932084573,0,0
7,2,1,0,0,1.24273463089e-10,3.65680801612e-10,1.09120427206e-12
7,2,1,0,1,0.0127840786483,3.65680801612e-10,1.09120427206e-12
7,2,1,0,2,0,3.65680801612e-10,1.09120427206e-12
7,2,1,1,0,0.0127840786483,-1.19096914584,-0.00389027216365
7,2,1,1,1,-7.40953383004e-07,-1.19096914584,-0.00389027216365
7,2,1,1,2,0,-1.19096914584,-0.00389027216365
7,2,1,2,0,0,0,0
7,2,1,2,1,0,0,0
7,2,1,2,2,-0.453369092986,0,0
7,2,2,0,0,0,0,0
7,2,2,0,1,0,0,0
7,2,2,0,2,0.0127840696824,0,0
7,2,2,1,0,0,0,0
7,2,2,1,1,0,0,0
7,2,2,1,2,1.09727785856,0,0
7,2,2,2,0,0.0127840696824,0.502864071462,0.00163656536949
7,2,2,2,1,1.09727785856,0.502864071462,0.00163656536949
7,2,2,2,2,-0,0.502864071462,0.00163656536949
7,3,0,0,0,-0.000171198298729,-0.00033124244408,-8.29057525475e-07
7,3,0,0,1,-6.51583828231e-07,-0.00033124244408,-8.29057525475e-07
7,3,0,0,2,0,-0.00033124244408,-8.29057525475e-07
7,3,0,1,0,-6.51583828231e-07,3.21574845745e-10,9.22419011944e-13
7,3,0,1,1,-76.22231892,3.21574845745e-10,9.22419011944e-13
7,3,0,1,2,0,3.21574845745e-10,9.22419011944e-13
7,3,0,2,0,0,0,0
7,3,0,2,1,0,0,0
7,3,0,2,2,-57.1667382765,0,0
7,3,1,0,0,1.09284309499e-10,3.21574845745e-10,9.24727598312e-13
7,3,1,0,1,0.0127840856857,3.21574845745e-10,9.24727598312e-13
7,3,1,0,2,0,3.21574845745e-10,9.24727598312e-13
7,3,1,1,0,0.0127840856857,-0.269528427989,-0.000854347716397
7,3,1,1,1,-6.51583828353e-07,-0.269528427989,-0.000854347716397
7,3,1,1,2,0,-0.269528427989,-0.000854347716397
7,3,1,2,0,0,0,0
7,3,1,2,1,0,0,0
7,3,1,2,2,-0.398686317423,0,0
7,3,2,0,0,0,0,0
7,3,2,0,1,0,0,0
7,3,2,0,2,0.0127840694108,0,0
7,3,2,1,0,0,0,0
7,3,2,1,1,0,0,0
7,3,2,1,2,0.53158108832,0,0
7,3,2,2,0,0.0127840694108,0.221720544019,0.000691866711924
7,3,2,2,1,0.53158108832,0.221720544019,0.000691866711924
7,3,2,2,2,-0,0.221720544019,0.000691866711924
7,4,0,0,0,-0.000171193515821,-0.000331242486542,-7.9695632638e-07
7,4,0,0,1,-2.57330643436e-07,-0.000331242486542,-7.9695632638e-07
7,4,0,0,2,0,-0.000331242486542,-7.9695632638e-07
7,4,0,1,0,-2.57330643436e-07,1.26999964364e-10,3.50865413924e-13
7,4,0,1,1,-76.2223463068,1.26999964364e-10,3.50865413924e-13
7,4,0,1,2,0,1.26999964364e-10,3.50865413924e-13
7,4,0,2,0,0,0,0
7,4,0,2,1,0,0,0
7,4,0,2,2,-73.9239598076,0,0
7,4,1,0,0,4.31597600527e-11,1.26999964364e-10,3.51709742226e-13
7,4,1,0,1,0.0127840902791,1.26999964364e-10,3.51709742226e-13
7,4,1,0,2,0,1.26999964364e-10,3.51709742226e-13
7,4,1,1,0,0.0127840902791,-0.0133067795729,-4.69861942057e-05
7,4,1,1,1,-2.57330643484e-07,-0.0133067795729,-4.69861942057e-05
7,4,1,1,2,0,-0.0133067795729,-4.69861942057e-05
7,4,1,2,0,0,0,0
7,4,1,2,1,0,0,0
7,4,1,2,2,-0.157453582475,0,0
7,4,2,0,0,0,0,0
7,4,2,0,1,0,0,0
7,4,2,0,2,0.0127840692334,0,0
7,4,2,1,0,0,0,0
7,4,2,1,1,0,0,0
7,4,2,1,2,0.162348740038,0,0
7,4,2,2,0,0.0127840692334,0.0382162185705,0.000109204811586
7,4,2,2,1,0.162348740038,0.0382162185705,0.000109204811586
7,4,2,2,2,-0,0.0382162185705,0.000109204811586
7,5,0,0,0,-0.000171193515821,-0.000331242486542,-7.64848866766e-07
7,5,0,0,1,2.57330643436e-07,-0.000331242486542,-7.64848866766e-07
7,5,0,0,2,0,-0.000331242486542,-7.64848866766e-07
7,5,0,1,0,2.57330643436e-07,-1.26999964798e-10,-3.37403019989e-13
7,5,0,1,1,-76.2223463068,-1.26999964798e-10,-3.37403019989e-13
7,5,0,1,2,0,-1.26999964798e-10,-3.37403019989e-13
7,5,0,2,0,0,0,0
7,5,0,2,1,0,0,0
7,5,0,2,2,-73.9239598076,0,0
7,5,1,0,0,-4.31597600527e-11,-1.26999964798e-10,-3.38182449914e-13
7,5,1,0,1,0.0127840902791,-1.26999964798e-10,-3.38182449914e-13
7,5,1,0,2,0,-1.26999964798e-10,-3.38182449914e-13
7,5,1,1,0,0.0127840902791,-0.0133067795729,-4.51790252902e-05
7,5,1,1,1,2.57330643484e-07,-0.0133067795729,-4.51790252902e-05
7,5,1,1,2,0,-0.0133067795729,-4.51790252902e-05
7,5,1,2,0,0,0,0
7,5,1,2,1,0,0,0
7,5,1,2,2,0.157453582475,0,0
7,5,2,0,0,0,0,0
7,5,2,0,1,0,0,0
7,5,2,0,2,0.0127840692334,0,0
7,5,2,1,0,0,0,0
7,5,2,1,1,0,0,0
7,5,2,1,2,-0.162348740038,0,0
7,5,2,2,0,0.0127840692334,0.0382162185705,0.000105004628275
7,5,2,2,1,-0.162348740038,0.0382162185705,0.000105004628275
7,5,2,2,2,0,0.0382162185705,0.000105004628275
7,6,0,0,0,-0.000171198298729,-0.00033124244408,-7.32735158749e-07
7,6,0,0,1,6.51583828231e-07,-0.00033124244408,-7.32735158749e-07
7,6,0,0,2,0,-0.00033124244408,-7.32735158749e-07
7,6,0,1,0,6.51583828231e-07,-3.21574845745e-10,-8.20164483587e-13
7,6,0,1,1,-76.22231892,-3.21574845745e-10,-8.20164483587e-13
7,6,0,1,2,0,-3.21574845745e-10,-8.20164483587e-13
7,6,0,2,0,0,0,0
7,6,0,2,1,0,0,0
7,6,0,2,2,-57.1667382765,0,0
7,6,1,0,0,-1.09284309499e-10,-3.21574845745e-10,-8.2198013135e-13
7,6,1,0,1,0.0127840856857,-3.21574845745e-10,-8.2198013135e-13
7,6,1,0,2,0,-3.21574845745e-10,-8.2198013135e-13
7,6,1,1,0,0.0127840856857,-0.269528427989,-0.000759420208401
7,6,1,1,1,6.51583828353e-07,-0.269528427989,-0.000759420208401
7,6,1,1,2,0,-0.269528427989,-0.000759420208401
7,6,1,2,0,0,0,0
7,6,1,2,1,0,0,0
7,6,1,2,2,0.398686317423,0,0
7,6,2,0,0,0,0,0
7,6,2,0,1,0,0,0
7,6,2,0,2,0.0127840694108,0,0
7,6,2,1,0,0,0,0
7,6,2,1,1,0,0,0
7,6,2,1,2,-0.53158108832,0,0
7,6,2,2,0,0.0127840694108,0.221720544019,0.000614992672563
7,6,2,2,1,-0.53158108832,0.221720544019,0.000614992672563
7,6,2,2,2,0,0.221720544019,0.000614992672563
7,7,0,0,0,-0.000171205626562,-0.000331242379025,-7.00615245328e-07
7,7,0,0,1,7.4095338296e-07,-0.000331242379025,-7.00615245328e-07
7,7,0,0,2,0,-0.000331242379025,-7.00615245328e-07
7,7,0,1,0,7.4095338296e-07,-3.65680799877e-10,-8.94452515819e-13
7,7,0,1,1,-76.2222769611,-3.65680799877e-10,-8.94452515819e-13
7,7,0,1,2,0,-3.65680799877e-10,-8.94452515819e-13
7,7,0,2,0,0,0,0
7,7,0,2,1,0,0,0
7,7,0,2,2,-31.4932084573,0,0
7,7,1,0,0,-1.24273463089e-10,-3.65680799877e-10,-8.96346466336e-13
7,7,1,0,1,0.0127840786483,-3.65680799877e-10,-8.96346466336e-13
7,7,1,0,2,0,-3.65680799877e-10,-8.96346466336e-13
7,7,1,1,0,0.0127840786483,-1.19096914584,-0.00319558093979
7,7,1,1,1,7.40953383004e-07,-1.19096914584,-0.00319558093979
7,7,1,1,2,0,-1.19096914584,-0.00319558093979
7,7,1,2,0,0,0,0
7,7,1,2,1,0,0,0
7,7,1,2,2,0.453369092986,0,0
7,7,2,0,0,0,0,0
7,7,2,0,1,0,0,0
7,7,2,0,2,0.0127840696824,0,0
7,7,2,1,0,0,0,0
7,7,2,1,1,0,0,0
7,7,2,1,2,-1.09727785856,0,0
7,7,2,2,0,0.0127840696824,0.502864071462,0.00134432181616
7,7,2,2,1,-1.09727785856,0.502864071462,0.00134432181616
7,7,2,2,2,0,0.502864071462,0.00134432181616
7,8,0,0,0,-0.000171212070544,-0.000331242321816,-6.68489176554e-07
7,8,0,0,1,4.83622739524e-07,-0.000331242321816,-6.68489176554e-07
7,8,0,0,2,0,-0.000331242321816,-6.68489176554e-07
7,8,0,1,0,4.83622739524e-07,-2.38680832043e-10,-5.56499865252e-13
7,8,0,1,1,-76.222240063,-2.38680832043e-10,-5.56499865252e-13
7,8,0,1,2,0,-2.38680832043e-10,-5.56499865252e-13
7,8,0,2,0,0,0,0
7,8,0,2,1,0,0,0
7,8,0,2,2,-8.91630828811,0,0
7,8,1,0,0,-8.11137030367e-11,-2.38680832043e-10,-5.5762462275e-13
7,8,1,0,1,0.0127840724598,-2.38680832043e-10,-5.5762462275e-13
7,8,1,0,2,0,-2.38680832043e-10,-5.5762462275e-13
7,8,1,1,0,0.0127840724598,-6.3861930956,-0.0163655455199
7,8,1,1,1,4.83622739521e-07,-6.3861930956,-0.0163655455199
7,8,1,1,2,0,-6.3861930956,-0.0163655455199
7,8,1,2,0,0,0,0
7,8,1,2,1,0,0,0
7,8,1,2,2,0.295915510511,0,0
7,8,2,0,0,0,0,0
7,8,2,0,1,0,0,0
7,8,2,0,2,0.0127840699214,0,0
7,8,2,1,0,0,0,0
7,8,2,1,1,0,0,0
7,8,2,1,2,-2.52967235689,0,0
7,8,2,2,0,0.0127840699214,0.750096130109,0.00192089620841
7,8,2,2,1,-2.52967235689,0.750096130109,0.00192089620841
7,8,2,2,2,0,0.750096130109,0.00192089620841
7,9,0,0,0,0,0,0
7,9,0,0,1,0,0,0
7,9,0,0,2,0,0,0
7,9,0,1,0,0,0,0
7,9,0,1,1,0,0,0
7,9,0,1,2,0,0,0
7,9,0,2,0,0,0,0
7,9,0,2,1,0,0,0
7,9,0,2,2,0,0,0
7,9,1,0,0,0,0,0
7,9,1,0,1,0,0,0
7,9,1,0,2,0,0,0
7,9,1,1,0,0,0,0
7,9,1,1,1,0,0,0
7,9,1,1,2,0,0,0
7,9,1,2,0,0,0,0
7,9,1,2,1,0,0,0
7,9,1,2,2,0,0,0
7,9,2,0,0,0,0,0
7,9,2,0,1,0,0,0
7,9,2,0,2,0,0,0
7,9,2,1,0,0,0,0
7,9,2,1,1,0,0,0
7,9,2,1,2,0,0,0
7,9,2,2,0,0,0,0
7,9,2,2,1,0,0,0
7,9,2,2,2,0,0,0
8,0,0,0,0,0,0,0
8,0,0,0,1,0,0,0
8,0,0,0,2,0,0,0
8,0,0,1,0,0,0,0
8,0,0,1,1,0,0,0
8,0,0,1,2,0,0,0
8,0,0,2,0,0,0,0
8,0,0,2,1,0,0,0
8,0,0,2,2,0,0,0
8,0,1,0,0,0,0,0
8,0,1,0,1,0,0,0
8,0,1,0,2,0,0,0
8,0,1,1,0,0,0,0
8,0,1,1,1,0,0,0
8,0,1,1,2,0,0,0
8,0,1,2,0,0,0,0
8,0,1,2,1,0,0,0
8,0,1,2,2,0,0,0
8,0,2,0,0,0,0,0
8,0,2,0,1,0,0,0
8,0,2,0,2,0,0,0
8,0,2,1,0,0,0,0
8,0,2,1,1,0,0,0
8,0,2,1,2,0,0,0
8,0,2,2,0,0,0,0
8,0,2,2,1,0,0,0
8,0,2,2,2,0,0,0
8,1,0,0,0,-0.000130865943197,-0.000254800522756,-4.39685705818e-07
8,1,0,0,1,-3.72651984495e-07,-0.000254800522756,-4.39685705818e-07
8,1,0,0,2,0,-0.000254800522756,-4.39685705818e-07
8,1,0,1,0,-3.72651984495e-07,1.4149747693e-10,2.86991452038e-13
8,1,0,1,1,-87.1111264623,1.4149747693e-10,2.86991452038e-13
8,1,0,1,2,0,1.4149747693e-10,2.86991452038e-13
8,1,0,2,0,0,0,0
8,1,0,2,1,0,0,0
8,1,0,2,2,-10.1900660339,0,0
8,1,1,0,0,4.80062151048e-11,1.4149747693e-10,2.8749100076e-13
8,1,1,0,1,0.0112219326583,1.4149747693e-10,2.8749100076e-13
8,1,1,0,2,0,1.4149747693e-10,2.8749100076e-13
8,1,1,1,0,0.0112219326583,-6.38784309604,-0.0141594560559
8,1,1,1,1,-3.72651984506e-07,-6.38784309604,-0.0141594560559
8,1,1,1,2,0,-6.38784309604,-0.0141594560559
8,1,1,2,0,0,0,0
8,1,1,2,1,0,0,0
8,1,1,2,2,-0.295915495877,0,0
8,1,2,0,0,0,0,0
8,1,2,0,1,0,0,0
8,1,2,0,2,0.0112219309492,0,0
8,1,2,1,0,0,0,0
8,1,2,1,1,0,0,0
8,1,2,1,2,2.52967234676,0,0
8,1,2,2,0,0.0112219309492,0.749902982631,0.00166127135402
8,1,2,2,1,2.52967234676,0.749902982631,0.00166127135402
8,1,2,2,2,-0,0.749902982631,0.00166127135402
8,2,0,0,0,-0.000130861625688,-0.000254800557887,-4.14869899416e-07
8,2,0,0,1,-5.70936176982e-07,-0.000254800557887,-4.14869899416e-07
8,2,0,0,2,0,-0.000254800557887,-4.14869899416e-07
8,2,0,1,0,-5.70936176982e-07,2.16786956442e-10,4.16174954409e-13
8,2,0,1,1,-87.1111589554,2.16786956442e-10,4.16174954409e-13
8,2,0,1,2,0,2.16786956442e-10,4.16174954409e-13
8,2,0,2,0,0,0,0
8,2,0,2,1,0,0,0
8,2,0,2,2,-35.9922322608,0,0
8,2,1,0,0,7.35498160851e-11,2.16786956442e-10,4.16859098259e-13
8,2,1,0,1,0.0112219368442,2.16786956442e-10,4.16859098259e-13
8,2,1,0,2,0,2.16786956442e-10,4.16859098259e-13
8,2,1,1,0,0.0112219368442,-1.19261927686,-0.00250767554608
8,2,1,1,1,-5.70936176835e-07,-1.19261927686,-0.00250767554608
8,2,1,1,2,0,-1.19261927686,-0.00250767554608
8,2,1,2,0,0,0,0
8,2,1,2,1,0,0,0
8,2,1,2,2,-0.453369017423,0,0
8,2,2,0,0,0,0,0
8,2,2,0,1,0,0,0
8,2,2,0,2,0.0112219308076,0,0
8,2,2,1,0,0,0,0
8,2,2,1,1,0,0,0
8,2,2,1,2,1.09727785183,0,0
8,2,2,2,0,0.0112219308076,0.50218208397,0.00105261463121
8,2,2,2,1,1.09727785183,0.50218208397,0.00105261463121
8,2,2,2,2,-0,0.50218208397,0.00105261463121
8,3,0,0,0,-0.000130856715993,-0.000254800597837,-3.9004929228e-07
8,3,0,0,1,-5.02073060626e-07,-0.000254800597837,-3.9004929228e-07
8,3,0,0,2,0,-0.000254800597837,-3.9004929228e-07
8,3,0,1,0,-5.02073060626e-07,1.90639501581e-10,3.45343372752e-13
8,3,0,1,1,-87.1111959053,1.90639501581e-10,3.45343372752e-13
8,3,0,1,2,0,1.90639501581e-10,3.45343372752e-13
8,3,0,2,0,0,0,0
8,3,0,2,1,0,0,0
8,3,0,2,2,-65.333396226,0,0
8,3,1,0,0,6.46786501873e-11,1.90639501581e-10,3.45877666232e-13
8,3,1,0,1,0.0112219416042,1.90639501581e-10,3.45877666232e-13
8,3,1,0,2,0,1.90639501581e-10,3.45877666232e-13
8,3,1,1,0,0.0112219416042,-0.27117867596,-0.00054140991888
8,3,1,1,1,-5.02073060722e-07,-0.27117867596,-0.00054140991888
8,3,1,1,2,0,-0.27117867596,-0.00054140991888
8,3,1,2,0,0,0,0
8,3,1,2,1,0,0,0
8,3,1,2,2,-0.398686197834,0,0
8,3,2,0,0,0,0,0
8,3,2,0,1,0,0,0
8,3,2,0,2,0.0112219306465,0,0
8,3,2,1,0,0,0,0
8,3,2,1,1,0,0,0
8,3,2,1,2,0.53158108377,0,0
8,3,2,2,0,0.0112219306465,0.220483039243,0.000434348804176
8,3,2,2,1,0.53158108377,0.220483039243,0.000434348804176
8,3,2,2,2,-0,0.220483039243,0.000434348804176
8,4,0,0,0,-0.000130853511415,-0.000254800623913,-3.65223866054e-07
8,4,0,0,1,-1.98284192177e-07,-0.000254800623913,-3.65223866054e-07
8,4,0,0,2,0,-0.000254800623913,-3.65223866054e-07
8,4,0,1,0,-1.98284192177e-07,7.52894838488e-11,1.284991244e-13
8,4,0,1,1,-87.1112200227,7.52894838488e-11,1.284991244e-13
8,4,0,1,2,0,7.52894838488e-11,1.284991244e-13
8,4,0,2,0,0,0,0
8,4,0,2,1,0,0,0
8,4,0,2,2,-84.4844941573,0,0
8,4,1,0,0,2.55436009402e-11,7.52894838488e-11,1.28685498832e-13
8,4,1,0,1,0.011221944711,7.52894838488e-11,1.28685498832e-13
8,4,1,0,2,0,7.52894838488e-11,1.28685498832e-13
8,4,1,1,0,0.011221944711,-0.0149571016914,-3.14320951241e-05
8,4,1,1,1,-1.98284192329e-07,-0.0149571016914,-3.14320951241e-05
8,4,1,1,2,0,-0.0149571016914,-3.14320951241e-05
8,4,1,2,0,0,0,0
8,4,1,2,1,0,0,0
8,4,1,2,2,-0.157453521547,0,0
8,4,2,0,0,0,0,0
8,4,2,0,1,0,0,0
8,4,2,0,2,0.0112219305414,0,0
8,4,2,1,0,0,0,0
8,4,2,1,1,0,0,0
8,4,2,1,2,0.162348738391,0,0
8,4,2,2,0,0.0112219305414,0.0366163386264,6.49149889342e-05
8,4,2,2,1,0.162348738391,0.0366163386264,6.49149889342e-05
8,4,2,2,2,-0,0.0366163386264,6.49149889342e-05
8,5,0,0,0,-0.000130853511415,-0.000254800623913,-3.40393615304e-07
8,5,0,0,1,1.98284192177e-07,-0.000254800623913,-3.40393615304e-07
8,5,0,0,2,0,-0.000254800623913,-3.40393615304e-07
8,5,0,1,0,1.98284192177e-07,-7.52894838488e-11,-1.2047956852e-13
8,5,0,1,1,-87.1112200227,-7.52894838488e-11,-1.2047956852e-13
8,5,0,1,2,0,-7.52894838488e-11,-1.2047956852e-13
8,5,0,2,0,0,0,0
8,5,0,2,1,0,0,0
8,5,0,2,2,-84.4844941573,0,0
8,5,1,0,0,-2.55436009402e-11,-7.52894838488e-11,-1.20642656653e-13
8,5,1,0,1,0.011221944711,-7.52894838488e-11,-1.20642656653e-13
8,5,1,0,2,0,-7.52894838488e-11,-1.20642656653e-13
8,5,1,1,0,0.011221944711,-0.0149571016914,-2.9467583356e-05
8,5,1,1,1,1.98284192329e-07,-0.0149571016914,-2.9467583356e-05
8,5,1,1,2,0,-0.0149571016914,-2.9467583356e-05
8,5,1,2,0,0,0,0
8,5,1,2,1,0,0,0
8,5,1,2,2,0.157453521547,0,0
8,5,2,0,0,0,0,0
8,5,2,0,1,0,0,0
8,5,2,0,2,0.0112219305414,0,0
8,5,2,1,0,0,0,0
8,5,2,1,1,0,0,0
8,5,2,1,2,-0.162348738391,0,0
8,5,2,2,0,0.0112219305414,0.0366163386264,6.0857802905e-05
8,5,2,2,1,-0.162348738391,0.0366163386264,6.0857802905e-05
8,5,2,2,2,0,0.0366163386264,6.0857802905e-05
8,6,0,0,0,-0.000130856715993,-0.000254800597837,-3.15558547347e-07
8,6,0,0,1,5.02073060626e-07,-0.000254800597837,-3.15558547347e-07
8,6,0,0,2,0,-0.000254800597837,-3.15558547347e-07
8,6,0,1,0,5.02073060626e-07,-1.90639502448e-10,-2.84787594508e-13
8,6,0,1,1,-87.1111959053,-1.90639502448e-10,-2.84787594508e-13
8,6,0,1,2,0,-1.90639502448e-10,-2.84787594508e-13
8,6,0,2,0,0,0,0
8,6,0,2,1,0,0,0
8,6,0,2,2,-65.333396226,0,0
8,6,1,0,0,-6.46786501873e-11,-1.90639502448e-10,-2.8514555182e-13
8,6,1,0,1,0.0112219416042,-1.90639502448e-10,-2.8514555182e-13
8,6,1,0,2,0,-1.90639502448e-10,-2.8514555182e-13
8,6,1,1,0,0.0112219416042,-0.27117867596,-0.000445866993261
8,6,1,1,1,5.02073060722e-07,-0.27117867596,-0.000445866993261
8,6,1,1,2,0,-0.27117867596,-0.000445866993261
8,6,1,2,0,0,0,0
8,6,1,2,1,0,0,0
8,6,1,2,2,0.398686197834,0,0
8,6,2,0,0,0,0,0
8,6,2,0,1,0,0,0
8,6,2,0,2,0.0112219306465,0,0
8,6,2,1,0,0,0,0
8,6,2,1,1,0,0,0
8,6,2,1,2,-0.53158108377,0,0
8,6,2,2,0,0.0112219306465,0.220483039243,0.000357699032948
8,6,2,2,1,-0.53158108377,0.220483039243,0.000357699032948
8,6,2,2,2,0,0.220483039243,0.000357699032948
8,7,0,0,0,-0.000130861625688,-0.000254800557887,-2.90718675899e-07
8,7,0,0,1,5.70936176982e-07,-0.000254800557887,-2.90718675899e-07
8,7,0,0,2,0,-0.000254800557887,-2.90718675899e-07
8,7,0,1,0,5.70936176982e-07,-2.16786958177e-10,-3.00716044776e-13
8,7,0,1,1,-87.1111589554,-2.16786958177e-10,-3.00716044776e-13
8,7,0,1,2,0,-2.16786958177e-10,-3.00716044776e-13
8,7,0,2,0,0,0,0
8,7,0,2,1,0,0,0
8,7,0,2,2,-35.9922322608,0,0
8,7,1,0,0,-7.35498160851e-11,-2.16786958177e-10,-3.01064936366e-13
8,7,1,0,1,0.0112219368442,-2.16786958177e-10,-3.01064936366e-13
8,7,1,0,2,0,-2.16786958177e-10,-3.01064936366e-13
8,7,1,1,0,0.0112219368442,-1.19261927686,-0.00181109909964
8,7,1,1,1,5.70936176835e-07,-1.19261927686,-0.00181109909964
8,7,1,1,2,0,-1.19261927686,-0.00181109909964
8,7,1,2,0,0,0,0
8,7,1,2,1,0,0,0
8,7,1,2,2,0.453369017423,0,0
8,7,2,0,0,0,0,0
8,7,2,0,1,0,0,0
8,7,2,0,2,0.0112219308076,0,0
8,7,2,1,0,0,0,0
8,7,2,1,1,0,0,0
8,7,2,1,2,-1.09727785183,0,0
8,7,2,2,0,0.0112219308076,0.50218208397,0.000760221792515
8,7,2,2,1,-1.09727785183,0.50218208397,0.000760221792515
8,7,2,2,2,0,0.50218208397,0.000760221792515
8,8,0,0,0,-0.000130865943197,-0.000254800522756,-2.6587401237e-07
8,8,0,0,1,3.72651984495e-07,-0.000254800522756,-2.6587401237e-07
8,8,0,0,2,0,-0.000254800522756,-2.6587401237e-07
8,8,0,1,0,3.72651984495e-07,-1.41497487338e-10,-1.81380417072e-13
8,8,0,1,1,-87.1111264623,-1.41497487338e-10,-1.81380417072e-13
8,8,0,1,2,0,-1.41497487338e-10,-1.81380417072e-13
8,8,0,2,0,0,0,0
8,8,0,2,1,0,0,0
8,8,0,2,2,-10.1900660339,0,0
8,8,1,0,0,-4.80062151048e-11,-1.41497487338e-10,-1.81573312348e-13
8,8,1,0,1,0.0112219326583,-1.41497487338e-10,-1.81573312348e-13
8,8,1,0,2,0,-1.41497487338e-10,-1.81573312348e-13
8,8,1,1,0,0.0112219326583,-6.38784309604,-0.00894281511287
8,8,1,1,1,3.72651984506e-07,-6.38784309604,-0.00894281511287
8,8,1,1,2,0,-6.38784309604,-0.00894281511287
8,8,1,2,0,0,0,0
8,8,1,2,1,0,0,0
8,8,1,2,2,0.295915495877,0,0
8,8,2,0,0,0,0,0
8,8,2,0,1,0,0,0
8,8,2,0,2,0.0112219309492,0,0
8,8,2,1,0,0,0,0
8,8,2,1,1,0,0,0
8,8,2,1,2,-2.52967234676,0,0
8,8,2,2,0,0.0112219309492,0.749902982631,0.00104922479455
8,8,2,2,1,-2.52967234676,0.749902982631,0.00104922479455
8,8,2,2,2,0,0.749902982631,0.00104922479455
8,9,0,0,0,0,0,0
8,9,0,0,1,0,0,0
8,9,0,0,2,0,0,0
8,9,0,1,0,0,0,0
8,9,0,1,1,0,0,0
8,9,0,1,2,0,0,0
8,9,0,2,0,0,0,0
8,9,0,2,1,0,0,0
8,9,0,2,2,0,0,0
8,9,1,0,0,0,0,0
8,9,1,0,1,0,0,0
8,9,1,0,2,0,0,0
8,9,1,1,0,0,0,0
8,9,1,1,1,0,0,0
8,9,1,1,2,0,0,0
8,9,1,2,0,0,0,0
8,9,1,2,1,0,0,0
8,9,1,2,2,0,0,0
8,9,2,0,0,0,0,0
8,9,2,0,1,0,0,0
8,9,2,0,2,0,0,0
8,9,2,1,0,0,0,0
8,9,2,1,1,0,0,0
8,9,2,1,2,0,0,0
8,9,2,2,0,0,0,0
8,9,2,2,1,0,0,0
8,9,2,2,2,0,0,0
9,0,0,0,0,0,0,0
9,0,0,0,1,0,0,0
9,0,0,0,2,0,0,0
9,0,0,1,0,0,0,0
9,0,0,1,1,0,0,0
9,0,0,1,2,0,0,0
9,0,0,2,0,0,0,0
9,0,0,2,1,0,0,0
9,0,0,2,2,0,0,0
9,0,1,0,0,0,0,0
9,0,1,0,1,0,0,0
9,0,1,0,2,0,0,0
9,0,1,1,0,0,0,0
9,0,1,1,1,0,0,0
9,0,1,1,2,0,0,0
9,0,1,2,0,0,0,0
9,0,1,2,1,0,0,0
9,0,1,2,2,0,0,0
9,0,2,0,0,0,0,0
9,0,2,0,1,0,0,0
9,0,2,0,2,0,0,0
9,0,2,1,0,0,0,0
9,0,2,1,1,0,0,0
9,0,2,1,2,0,0,0
9,0,2,2,0,0,0,0
9,0,2,2,1,0,0,0
9,0,2,2,2,0,0,0
9,1,0,0,0,-0.000102039337831,-0.000202040317457,0
9,1,0,0,1,-3.2139311187e-07,-0.000202040317457,0
9,1,0,0,2,0,-0.000202040317457,0
9,1,0,1,0,-3.2139311187e-07,9.53427996275e-11,0
9,1,0,1,1,-98.0000134704,9.53427996275e-11,0
9,1,0,1,2,0,9.53427996275e-11,0
9,1,0,2,0,0,0,0
9,1,0,2,1,0,0,0
9,1,0,2,2,-11.4638238499,0,0
9,1,1,0,0,3.27951820324e-11,9.53427996275e-11,0
9,1,1,0,1,0.00999999117046,9.53427996275e-11,0
9,1,1,0,2,0,9.53427996275e-11,0
9,1,1,1,0,0.00999999117046,-7.53863301358,0
9,1,1,1,1,-3.21393315936e-07,-7.53863301358,0
9,1,1,1,2,0,-7.53863301358,0
9,1,1,2,0,0,0,0
9,1,1,2,1,0,0,0
9,1,1,2,2,-0.3213938418,0,0
9,1,2,0,0,0,0,0
9,1,2,0,1,0,0,0
9,1,2,0,2,0.00999998996598,0,0
9,1,2,1,0,0,0,0
9,1,2,1,1,0,0,0
9,1,2,1,2,2.74747740757,0,0
9,1,2,2,0,0.00999998996598,0.884192273051,0
9,1,2,2,1,2.74747740757,0.884192273051,0
9,1,2,2,2,0,0.884192273051,0
9,2,0,0,0,-0.000102036376547,-0.000202040346193,0
9,2,0,0,1,-4.92403687049e-07,-0.000202040346193,0
9,2,0,0,2,0,-0.000202040346193,0
9,2,0,1,0,-4.92403687049e-07,1.48325908847e-10,0
9,2,0,1,1,-98.0000424978,1.48325908847e-10,0
9,2,0,1,2,0,1.48325908847e-10,0
9,2,0,2,0,0,0,0
9,2,0,2,1,0,0,0
9,2,0,2,2,-40.491256684,0,0
9,2,1,0,0,5.02452229181e-11,1.48325908847e-10,0
9,2,1,0,1,0.00999999413244,1.48325908847e-10,0
9,2,1,0,2,0,1.48325908847e-10,0
9,2,1,1,0,0.00999999413244,-1.41027723047,0
9,2,1,1,1,-4.92403780564e-07,-1.41027723047,0
9,2,1,1,2,0,-1.41027723047,0
9,2,1,2,0,0,0,0
9,2,1,2,1,0,0,0
9,2,1,2,2,-0.492404084811,0,0
9,2,2,0,0,0,0,0
9,2,2,0,1,0,0,0
9,2,2,0,2,0.00999998987622,0,0
9,2,2,1,0,0,0,0
9,2,2,1,1,0,0,0
9,2,2,1,2,1.1917535945,0,0
9,2,2,2,0,0.00999998987622,0.590956231716,0
9,2,2,2,1,1.1917535945,0.590956231716,0
9,2,2,2,2,0,0.590956231716,0
9,3,0,0,0,-0.000102033008135,-0.000202040378881,0
9,3,0,0,1,-4.33012137786e-07,-0.000202040378881,0
9,3,0,0,2,0,-0.000202040378881,0
9,3,0,1,0,-4.33012137786e-07,1.29927495846e-10,0
9,3,0,1,1,-98.0000755066,1.29927495846e-10,0
9,3,0,1,2,0,1.29927495846e-10,0
9,3,0,2,0,0,0,0
9,3,0,2,1,0,0,0
9,3,0,2,2,-73.5000560784,0,0
9,3,1,0,0,4.41848669324e-11,1.29927495846e-10,0
9,3,1,0,1,0.00999999750067,1.29927495846e-10,0
9,3,1,0,2,0,1.29927495846e-10,0
9,3,1,1,0,0.00999999750067,-0.323333589335,0
9,3,1,1,1,-4.33012592998e-07,-0.323333589335,0
9,3,1,1,2,0,-0.323333589335,0
9,3,1,2,0,0,0,0
9,3,1,2,1,0,0,0
9,3,1,2,2,-0.433013036756,0,0
9,3,2,0,0,0,0,0
9,3,2,0,1,0,0,0
9,3,2,0,2,0.00999998977565,0,0
9,3,2,1,0,0,0,0
9,3,2,1,1,0,0,0
9,3,2,1,2,0.577350274001,0,0
9,3,2,2,0,0.00999998977565,0.257499434447,0
9,3,2,2,1,0.577350274001,0.257499434447,0
9,3,2,2,2,0,0.257499434447,0
9,4,0,0,0,-0.000102030809374,-0.000202040400205,0
9,4,0,0,1,-1.7101003117e-07,-0.000202040400205,0
9,4,0,0,2,0,-0.000202040400205,0
9,4,0,1,0,-1.7101003117e-07,5.13239398897e-11,0
9,4,0,1,1,-98.0000970515,5.13239398897e-11,0
9,4,0,1,2,0,5.13239398897e-11,0
9,4,0,2,0,0,0,0
9,4,0,2,1,0,0,0
9,4,0,2,2,-95.0450316207,0,0
9,4,1,0,0,1.74499853745e-11,5.13239398897e-11,0
9,4,1,0,1,0.00999999969914,5.13239398897e-11,0
9,4,1,0,2,0,5.13239398897e-11,0
9,4,1,1,0,0.00999999969914,-0.0210912268759,0
9,4,1,1,1,-1.71010009881e-07,-0.0210912268759,0
9,4,1,1,2,0,-0.0210912268759,0
9,4,1,2,0,0,0,0
9,4,1,2,1,0,0,0
9,4,1,2,2,-0.17101024301,0,0
9,4,2,0,0,0,0,0
9,4,2,0,1,0,0,0
9,4,2,0,2,0.00999998970961,0,0
9,4,2,1,0,0,0,0
9,4,2,1,1,0,0,0
9,4,2,1,2,0.176326982953,0,0
9,4,2,2,0,0.00999998970961,0.0398503507417,0
9,4,2,2,1,0.176326982953,0.0398503507417,0
9,4,2,2,2,0,0.0398503507417,0
9,5,0,0,0,-0.000102030809374,-0.000202040400205,0
9,5,0,0,1,1.7101003117e-07,-0.000202040400205,0
9,5,0,0,2,0,-0.000202040400205,0
9,5,0,1,0,1.7101003117e-07,-5.13239398897e-11,0
9,5,0,1,1,-98.0000970515,-5.13239398897e-11,0
9,5,0,1,2,0,-5.13239398897e-11,0
9,5,0,2,0,0,0,0
9,5,0,2,1,0,0,0
9,5,0,2,2,-95.0450316207,0,0
9,5,1,0,0,-1.74499853745e-11,-5.13239398897e-11,0
9,5,1,0,1,0.00999999969914,-5.13239398897e-11,0
9,5,1,0,2,0,-5.13239398897e-11,0
9,5,1,1,0,0.00999999969914,-0.0210912268759,0
9,5,1,1,1,1.71010009881e-07,-0.0210912268759,0
9,5,1,1,2,0,-0.0210912268759,0
9,5,1,2,0,0,0,0
9,5,1,2,1,0,0,0
9,5,1,2,2,0.17101024301,0,0
9,5,2,0,0,0,0,0
9,5,2,0,1,0,0,0
9,5,2,0,2,0.00999998970961,0,0
9,5,2,1,0,0,0,0
9,5,2,1,1,0,0,0
9,5,2,1,2,-0.176326982953,0,0
9,5,2,2,0,0.00999998970961,0.0398503507417,0
9,5,2,2,1,-0.176326982953,0.0398503507417,0
9,5,2,2,2,0,0.0398503507417,0
9,6,0,0,0,-0.000102033008135,-0.000202040378881,0
9,6,0,0,1,4.33012137786e-07,-0.000202040378881,0
9,6,0,0,2,0,-0.000202040378881,0
9,6,0,1,0,4.33012137786e-07,-1.2992749758e-10,0
9,6,0,1,1,-98.0000755066,-1.2992749758e-10,0
9,6,0,1,2,0,-1.2992749758e-10,0
9,6,0,2,0,0,0,0
9,6,0,2,1,0,0,0
9,6,0,2,2,-73.5000560784,0,0
9,6,1,0,0,-4.41848669324e-11,-1.2992749758e-10,0
9,6,1,0,1,0.00999999750067,-1.2992749758e-10,0
9,6,1,0,2,0,-1.2992749758e-10,0
9,6,1,1,0,0.00999999750067,-0.323333589336,0
9,6,1,1,1,4.33012592998e-07,-0.323333589336,0
9,6,1,1,2,0,-0.323333589336,0
9,6,1,2,0,0,0,0
9,6,1,2,1,0,0,0
9,6,1,2,2,0.433013036756,0,0
9,6,2,0,0,0,0,0
9,6,2,0,1,0,0,0
9,6,2,0,2,0.00999998977565,0,0
9,6,2,1,0,0,0,0
9,6,2,1,1,0,0,0
9,6,2,1,2,-0.577350274002,0,0
9,6,2,2,0,0.00999998977565,0.257499434448,0
9,6,2,2,1,-0.577350274002,0.257499434448,0
9,6,2,2,2,0,0.257499434448,0
9,7,0,0,0,-0.000102036376547,-0.000202040346193,0
9,7,0,0,1,4.92403687049e-07,-0.000202040346193,0
9,7,0,0,2,0,-0.000202040346193,0
9,7,0,1,0,4.92403687049e-07,-1.48325914051e-10,0
9,7,0,1,1,-98.0000424978,-1.48325914051e-10,0
9,7,0,1,2,0,-1.48325914051e-10,0
9,7,0,2,0,0,0,0
9,7,0,2,1,0,0,0
9,7,0,2,2,-40.491256684,0,0
9,7,1,0,0,-5.02452229181e-11,-1.48325914051e-10,0
9,7,1,0,1,0.00999999413244,-1.48325914051e-10,0
9,7,1,0,2,0,-1.48325914051e-10,0
9,7,1,1,0,0.00999999413244,-1.41027723048,0
9,7,1,1,1,4.92403780564e-07,-1.41027723048,0
9,7,1,1,2,0,-1.41027723048,0
9,7,1,2,0,0,0,0
9,7,1,2,1,0,0,0
9,7,1,2,2,0.492404084812,0,0
9,7,2,0,0,0,0,0
9,7,2,0,1,0,0,0
9,7,2,0,2,0.00999998987622,0,0
9,7,2,1,0,0,0,0
9,7,2,1,1,0,0,0
9,7,2,1,2,-1.1917535945,0,0
9,7,2,2,0,0.00999998987622,0.590956231718,0
9,7,2,2,1,-1.1917535945,0.590956231718,0
9,7,2,2,2,0,0.590956231718,0
9,8,0,0,0,-0.000102039337831,-0.000202040317457,0
9,8,0,0,1,3.2139311187e-07,-0.000202040317457,0
9,8,0,0,2,0,-0.000202040317457,0
9,8,0,1,0,3.2139311187e-07,-9.53428239137e-11,0
9,8,0,1,1,-98.0000134704,-9.53428239137e-11,0
9,8,0,1,2,0,-9.53428239137e-11,0
9,8,0,2,0,0,0,0
9,8,0,2,1,0,0,0
9,8,0,2,2,-11.4638238499,0,0
9,8,1,0,0,-3.27951820324e-11,-9.53428239137e-11,0
9,8,1,0,1,0.00999999117046,-9.53428239137e-11,0
9,8,1,0,2,0,-9.53428239137e-11,0
9,8,1,1,0,0.00999999117046,-7.53863301362,0
9,8,1,1,1,3.21393315936e-07,-7.53863301362,0
9,8,1,1,2,0,-7.53863301362,0
9,8,1,2,0,0,0,0
9,8,1,2,1,0,0,0
9,8,1,2,2,0.321393841801,0,0
9,8,2,0,0,0,0,0
9,8,2,0,1,0,0,0
9,8,2,0,2,0.00999998996598,0,0
9,8,2,1,0,0,0,0
9,8,2,1,1,0,0,0
9,8,2,1,2,-2.74747740757,0,0
9,8,2,2,0,0.00999998996598,0.884192273056,0
9,8,2,2,1,-2.74747740757,0.884192273056,0
9,8,2,2,2,0,0.884192273056,0
9,9,0,0,0,0,0,0
9,9,0,0,1,0,0,0
9,9,0,0,2,0,0,0
9,9,0,1,0,0,0,0
9,9,0,1,1,0,0,0
9,9,0,1,2,0,0,0
9,9,0,2,0,0,0,0
9,9,0,2,1,0,0,0
9,9,0,2,2,0,0,0
9,9,1,0,0,0,0,0
9,9,1,0,1,0,0,0
9,9,1,0,2,0,0,0
9,9,1,1,0,0,0,0
9,9,1,1,1,0,0,0
9,9,1,1,2,0,0,0
9,9,1,2,0,0,0,0
9,9,1,2,1,0,0,0
9,9,1,2,2,0,0,0
9,9,2,0,0,0,0,0
9,9,2,0,1,0,0,0
9,9,2,0,2,0,0,0
9,9,2,1,0,0,0,0
9,9,2,1,1,0,0,0
9,9,2,1,2,0,0,0
9,9,2,2,0,0,0,0
9,9,2,2,1,0,0,0
9,9,2,2,2,0,0,0
